user_id,source,category
b18d58560b,email,email
9e7e01d962,email,email
a9e40d48d8,email,email
f625b6856e,email,email
06bf009206,email,email
272df43ad8,email,email
2824221f38,email,email
ce8edd5e66,email,email
fb525c6833,email,email
4f89517c22,email,email
ade008549c,email,email
90828909b6,email,email
9ce21f2533,email,email
e8447c40e2,email,email
d79e2450d9,email,email
520c78ab21,email,email
4194e38197,email,email
d843aa8650,email,email
bc5466ac11,email,email
56a09e6d35,email,email
63dab1e216,email,email
94e4290bd3,email,email
c437c43185,email,email
0a379cc2cc,email,email
315d771f7d,email,email
fca0f5999d,email,email
703331b3ff,email,email
484d9d415d,email,email
43c2e52247,email,email
a56479bc42,email,email
0b8cdff7d7,email,email
5c855e4d01,email,email
2530e0a720,email,email
6a1d73ae0d,email,email
c6e4e4c023,email,email
f9544da511,email,email
26b2dc244d,email,email
696aa72183,email,email
eb1a094c7a,email,email
9502354167,email,email
6a8375072f,email,email
d8878dc497,email,email
7c36bcbda4,email,email
e59f065331,email,email
e0fcb18f1d,undef,undef
dd7a767d23,email,email
8a4f100355,email,email
a4c3f5cb85,email,email
5d3de47516,email,email
e5a8a616cb,email,email
88b590fb96,email,email
ee9eb52181,email,email
e6ab4248a6,email,email
2809cffb2b,email,email
d2a78f8672,email,email
784173d059,email,email
bcf26927e6,email,email
e5c4eb19c0,email,email
6cb42b2632,email,email
8f39e3324d,email,email
b30a4291ab,email,email
7d0c362d0c,email,email
9a93f2694f,email,email
7d3ff48eab,email,email
d37cf64bdf,email,email
40fe35eb76,email,email
9ca11a651f,email,email
37498709fa,email,email
78dd1fe2c9,email,email
16dd5b62a5,email,email
a14c7bf255,email,email
43e380b806,email,email
7934516b6c,email,email
e54ae83dfc,email,email
f3b0505787,email,email
9fb1e6bce7,email,email
c6ea5b3cb3,email,email
2bfec76067,email,email
e07b13abd0,email,email
134e3cd3df,email,email
761e18b2b6,email,email
fa5672f955,email,email
20b5375793,email,email
9b0142f532,email,email
5edc261e5e,email,email
9665b8687a,email,email
3914638ebc,email,email
522199e241,email,email
bcdbabfaa1,email,email
7dfb3cca6d,email,email
d15327eae3,email,email
39aec4ae21,email,email
6fd812e07a,email,email
fa6cc8417b,email,email
79f9463cef,email,email
a733efd26e,email,email
a132696875,email,email
a2cbc41bba,email,email
a2767b3f2c,email,email
a4cc483e05,email,email
09c8a0f00c,email,email
5bcd22f1cd,email,email
c7df9ad2af,email,email
e0a2a21a06,email,email
72c1e46d8a,email,email
1562c35740,email,email
9b852eb280,email,email
ca63632cdb,email,email
dd029b9344,email,email
00add8d6cd,email,email
8ae868f7fa,email,email
116f29a8af,email,email
47408a28ae,email,email
828757a53d,email,email
6eeeb4c269,email,email
b2bd042317,email,email
cf07e78226,email,email
0e5ce115ac,email,email
e43ad75353,email,email
062fd19f38,email,email
d31953ec07,email,email
25d199bc36,email,email
990b9ef888,email,email
94aad0e733,email,email
82b8b9197f,email,email
11ef9ae91f,email,email
caab9003e4,email,email
deaeb03ef7,email,email
dae69e26c3,email,email
56380abf61,email,email
74b06f9902,email,email
dc55edb4eb,email,email
a1d47435ac,email,email
cadac7044d,email,email
8e53151521,email,email
59fae40699,email,email
a8d3666b72,email,email
5c6a1244af,email,email
5b7c1e9769,email,email
1f9c419ac5,email,email
8f67a3c1c1,email,email
2851bd6eec,email,email
c2f2b62f2c,email,email
71591d795c,email,email
7d5b95d53e,email,email
6ba6a78a4c,email,email
892d5b9d64,email,email
8acae8f2e1,email,email
a4537ab8cb,email,email
969260a839,email,email
ebbb5faf98,email,email
a09c76658f,email,email
af406d9803,email,email
8a8db68e81,email,email
f6929ef625,email,email
5819338ce2,email,email
221eae2ab3,email,email
9b85f6c9e9,email,email
b15d9d6552,email,email
8aebc8cde5,email,email
07699b8884,email,email
9f57d6fe99,email,email
df08941233,email,email
59d8b3d419,email,email
8bc1eba919,email,email
a4f6ab4bff,email,email
57bc9a388f,email,email
52d85bbcbe,email,email
38cefced67,email,email
e6e157f037,email,email
6e61ecd171,email,email
e5cca9f75c,email,email
54dc2d1aba,email,email
c4737a1feb,email,email
e0d1047ad3,email,email
e3129fc0a1,email,email
a55569021a,email,email
603a7caae6,email,email
f44d81c931,email,email
72e7ae8c4f,email,email
732cb5668c,email,email
6a260b6713,email,email
127f1bfb3a,email,email
3ad14f5a6a,email,email
49151969c4,email,email
4f1902bada,email,email
a64be80f4a,email,email
989ca97584,email,email
3595a9945a,email,email
3f0afb6e36,email,email
5da0cf4949,email,email
503d757fda,email,email
c3ea692453,email,email
302b759e66,email,email
f93470f0db,email,email
496a005398,email,email
c20104779b,email,email
a1f2d1fea4,email,email
2dba76cb77,email,email
243d64bd78,email,email
336b573afb,email,email
b908de2d86,email,email
075ee58715,email,email
b921a3609a,email,email
ec998854c0,email,email
ac89d76f61,email,email
fb7fc0d404,email,email
b732c923c5,email,email
fc6954f717,email,email
57be483698,email,email
54c9369c08,email,email
1d8de34dc2,email,email
a2d73d926e,email,email
36b0b3a179,email,email
8af7bdda6c,email,email
5d924ac4fc,email,email
9f73a10f03,email,email
77207c02df,email,email
b3fe11defe,email,email
1b8e396538,email,email
bd527c750d,email,email
c0de518075,email,email
92a51e5198,email,email
6b8e5d0271,email,email
c6a9aa5a86,email,email
409337d399,email,email
809c75f096,email,email
265b7b18ba,email,email
ac02ef5abc,email,email
5cb6a26c99,email,email
2d4b7aba2e,email,email
dc0c218dbd,email,email
e1adf8fa23,email,email
55314714f7,email,email
41f0b06b7c,email,email
f6fb4a95a2,email,email
7e409a9a95,undef,undef
0f5aa0f1a3,email,email
697cc73c24,email,email
500d13171e,email,email
27ff1935e0,email,email
f37d42899e,email,email
7a4afa86fd,email,email
2240ca0179,email,email
08afb5ab18,email,email
6ddddf8996,email,email
e70bdb745a,email,email
4edc871766,email,email
98816041e6,email,email
7d9292b19c,email,email
bdd0d4d009,email,email
6e98ee8051,email,email
f855fc9b52,email,email
aadf89197a,email,email
510dbbf6b2,email,email
2acee22921,email,email
423195c12a,email,email
3def3c47e0,email,email
33c9282cc0,email,email
c45c716fef,email,email
4f64f29fc6,email,email
0b56c05ff9,email,email
135f68acfa,email,email
50eb6e5241,email,email
d2e5eece34,email,email
fb28598043,email,email
354506a9f1,email,email
4852dae17d,email,email
c8be66b7e1,email,email
3716845d50,email,email
40aded7f99,email,email
1f5c65ddd8,undef,undef
d6af7ad7cb,email,email
28332ddab6,email,email
26dd325cd9,email,email
5fb009bf74,email,email
8d67a95d60,email,email
c5511177f3,email,email
1ec2515cca,email,email
1165b9e353,email,email
7fa31e73c9,email,email
55cd2b3cae,email,email
28f1b160f4,email,email
42cae43a51,email,email
9df56d0753,email,email
002334a09a,email,email
9e9338d83a,email,email
451397eb55,email,email
21c6d401fa,email,email
f8f39acb01,email,email
8e5fe9c0f2,email,email
33cc0009c3,email,email
86c3390e39,email,email
c9ca4f00dd,email,email
03190b1db5,email,email
d858a633c6,email,email
134a980aff,email,email
4b1984a254,email,email
fb62e184d0,email,email
df6d5bade9,email,email
c1582f0c7c,email,email
926d98e341,email,email
e488e849b1,email,email
1fb38891b9,email,email
0ac13b0112,email,email
8651f70628,email,email
589b18fff4,email,email
7b8f078cca,email,email
0fb8f8d7db,email,email
83366feace,email,email
62cca3940b,email,email
b6a9801c78,email,email
e168a8869a,email,email
b3c52dedca,email,email
f15632c809,email,email
26daa6bcff,email,email
3b10571dc7,email,email
e1f80c6c28,email,email
5ba32a9bae,email,email
0a4d4c684f,email,email
fc62d4c33f,email,email
c3fb6aca70,email,email
d70bb9a9eb,email,email
4cef08e6aa,email,email
2a53d6b9d7,email,email
6ba6af77d2,email,email
da177dee2e,email,email
89feb58d61,email,email
fd217c2d7c,email,email
4b2a86b87f,email,email
cbfba329da,email,email
06f59e0577,email,email
a5aae1becb,email,email
77df5242ad,email,email
7b364420a2,email,email
3dd2995cf8,email,email
a5669f7711,email,email
699fa17bf9,email,email
7b53af6bba,email,email
8408f96355,email,email
8afd34ea5d,email,email
320c2e5656,email,email
814f913a99,email,email
d1d249e171,email,email
7e42fef0d7,email,email
77f8ccdb5c,email,email
1dcbcbc31f,email,email
b6e06c4699,email,email
6bd864402f,email,email
e30bc91cd4,email,email
78148a8759,email,email
b2d09e3401,email,email
694e898961,email,email
6e7cd4cd14,email,email
21dd459e25,email,email
3fe84117fd,email,email
811dad1c2d,email,email
338e6a1450,email,email
57191030b1,email,email
1254d13893,email,email
ab90936e54,email,email
a9cadf0eee,email,email
3258e62b94,email,email
18e33e0244,email,email
628b1c8ea2,email,email
e25bdb8e96,email,email
552a46a5c6,email,email
ec84c01d39,email,email
eb986e44ed,email,email
39c1c5087d,email,email
4215bfe37e,email,email
7cd00e9c69,email,email
7347f23de3,email,email
31734e5467,email,email
f967ded9c6,email,email
9f8abd0d10,email,email
c9c47cbb3e,email,email
bb4efca7ee,email,email
695059c1b0,email,email
33ec35374a,email,email
51462ba1fe,email,email
9987b88cfc,email,email
df41dd6e6b,email,email
28f52a3a57,email,email
1cf58e02c9,email,email
1c9ca54aa0,email,email
db7f55d402,email,email
a7d3e217ae,email,email
ce57bf3770,email,email
c88afdd1bb,email,email
6d1130da4a,email,email
a48a5e89ab,email,email
def951d7d3,email,email
ad15207e2a,email,email
06c81526fb,email,email
f4f43ca5c3,email,email
f89d84288b,email,email
adc027f8eb,email,email
5331a15167,email,email
e5e27c9086,email,email
8a0bb530e4,email,email
0b4c81ef29,email,email
6d888d1627,email,email
780ba021b2,email,email
83ded9346c,email,email
772a1dea6c,email,email
cc80ae52ac,email,email
f8788f5878,email,email
a9e8dc0ac4,email,email
093e114962,email,email
e968895368,email,email
0ddbac84ad,email,email
5ad53b5bea,email,email
1e52d27ae8,email,email
166eea353a,email,email
10bf8414aa,email,email
c54246e077,email,email
4a96c9c66a,email,email
a10da0093b,email,email
562ec95cde,email,email
b707a0dff3,email,email
90f9340f9c,email,email
a4483c300e,email,email
6274ff0e32,email,email
c0a2d90d80,email,email
7777ef86f4,email,email
217d7ad9f6,email,email
d00bc0bee6,email,email
c35e2e426f,email,email
651c50db82,email,email
16abf0427d,email,email
2a7eda9379,email,email
6768dee10f,email,email
c13de4d1f9,email,email
ed212f9cfc,email,email
e09950fa30,email,email
9a1c7a1078,email,email
1d376ab6c7,email,email
fa7ce31dcf,email,email
732b1fd2bc,email,email
d7a01436ef,email,email
7a4adfd27d,email,email
5a495c496b,email,email
f2239896eb,email,email
6e604cb8b9,email,email
631346904e,email,email
ceaa728b46,email,email
b35f200153,email,email
319938aa75,email,email
24d2dda702,email,email
be1568a6e2,email,email
73521732bf,email,email
e291562844,email,email
ea467b84df,email,email
d6381842d7,email,email
05a50e017e,email,email
b90049c3ff,email,email
703ad13ded,email,email
f1ee681dd3,email,email
eed9621d35,email,email
aec687f25a,email,email
594b163189,email,email
314c92a131,email,email
4cfe3eba4e,email,email
aea30829b6,email,email
82bd32eec8,email,email
dbbdfad64c,email,email
47ab269acc,email,email
28055e41b2,email,email
d67d20b596,email,email
f544ebc68c,email,email
9a47c5b59c,email,email
0dce70ff03,email,email
d8534727d7,email,email
b7918f25f3,email,email
373455963f,email,email
fd09144465,email,email
dfc7fb0c1b,email,email
ccb07e842b,email,email
4679b02e32,email,email
c020b0daaf,email,email
a98c5a67dc,email,email
fd76c06af4,email,email
21f8092c51,email,email
5ac7f7df8b,email,email
ba883b24d2,email,email
b401bb84c5,email,email
303b42e9b9,email,email
9334bb4aad,email,email
e07290a7bf,email,email
fc95e9feb4,email,email
90055fc6ca,email,email
bdd31414c2,email,email
ad1b4a6eca,email,email
ad162fbd30,email,email
b49a23156d,email,email
5efbf040d3,email,email
5a85943071,email,email
3df8308a64,email,email
b2472945fb,email,email
3214a923aa,email,email
0f8c56b55a,email,email
4e1ef17ab6,email,email
2942d52d8f,email,email
77f350285d,email,email
4339f34e4e,email,email
b905ef7cf2,email,email
2b50580354,email,email
99d55178ac,email,email
7c18dca32a,email,email
808c1de6e6,email,email
ed9122a0b9,email,email
8f7e0e382c,email,email
d9c5345809,email,email
2453dc1044,email,email
89a4835003,email,email
42a0533582,email,email
4f80f7bf2d,email,email
0330acd8b5,email,email
f4907e9b7d,email,email
7e73b4dbde,email,email
c6bd818cce,email,email
b7d832b0da,email,email
45c52f9a45,email,email
5e280761f1,email,email
a002516ef5,email,email
5ad6e40676,email,email
3ff7fa1960,email,email
cee655c762,email,email
bea81727d9,email,email
f853b078df,email,email
79585b674d,email,email
1a1e985b45,email,email
cc6c424815,email,email
e9c183b31b,email,email
da6e8dc69b,email,email
6629ed2bf8,email,email
68d83b2bdf,email,email
d393b832ab,email,email
bd9291c2ef,email,email
66131e733c,email,email
c693b50271,email,email
72d63d64ab,email,email
c33a894b79,email,email
55a2ee7419,email,email
18fd5e73bd,email,email
6b114ffd68,email,email
811d013cb4,email,email
56a04abc86,email,email
d1bda55612,undef,undef
1816afd85a,email,email
dd049a56ad,email,email
87c1c7daed,email,email
63882d9f30,email,email
18745e3490,email,email
bb34d26885,email,email
0514fc4542,email,email
23fdd9183e,email,email
51ae3699ae,email,email
0fbf35c55a,email,email
dc6f91cf70,email,email
fccb479ca4,email,email
85c6aed8f1,email,email
a2afacf668,email,email
8082e8d333,email,email
49d3c0fa39,email,email
5bcf1e5c2b,email,email
2d35b57dfd,email,email
f2570b4027,email,email
0561f3b9a9,email,email
7a28e479cd,email,email
a2e9d2cf67,email,email
7009feb502,email,email
723a825d52,email,email
9ea26e4c1f,email,email
b7f9a88298,email,email
e074ec382f,email,email
70eb0d3ad6,email,email
819d3ab86a,email,email
65042841bd,email,email
cd4493deb6,email,email
acc50b7ed7,email,email
97edd94784,email,email
766de04895,email,email
5c58ea1f5b,email,email
be34072b4d,email,email
338e2f250c,email,email
f0d1584349,email,email
2936711937,email,email
6540da2a1d,email,email
fc61383f59,email,email
41e32f1dcc,email,email
6dd4d97fd6,email,email
1248783772,undef,undef
2d8417f0a9,email,email
71e9a828d7,email,email
ece2e9aba7,email,email
5a5fb891e5,email,email
c8eceb7546,email,email
0feff83915,email,email
baf6c008c8,email,email
ea88ffe9d9,email,email
ab8ad13b91,email,email
863a5e3af2,email,email
4cb08839b3,email,email
cf5b00bdfe,email,email
a198ee55ea,email,email
d1d142da01,email,email
cdefcda46d,email,email
9f79246d78,email,email
9a03f33111,email,email
176742fa25,email,email
ffc758b8fb,email,email
7a97d74f72,email,email
4d0ee66cf5,email,email
51b17d710d,email,email
326ec1fa23,email,email
a978d91ca1,email,email
1a3a4fc551,email,email
4a29eefed7,email,email
14df2e9d15,email,email
4aeffe91e5,email,email
a4b76da0bb,email,email
de4e5b1ac7,email,email
d2bc7f00c7,email,email
b2e2795f85,email,email
64c9e92906,email,email
c88bd1c725,email,email
0e9b70bdd1,email,email
db866eaed9,email,email
359b434c3b,email,email
5b1e50821f,email,email
f15703afcd,email,email
9d47c98fd1,email,email
6b32dd31fa,email,email
bbde8fa5af,email,email
1f19048ee6,email,email
91749edda6,email,email
1c190343ef,email,email
5a6a6d309d,email,email
5880a5f136,email,email
ae475d4bb1,email,email
07ed2cced0,email,email
0470ac0f57,email,email
0a7f1ac289,email,email
5976130350,email,email
c2329235f3,email,email
eb7138631e,email,email
e86e8a6f05,email,email
605f304b0a,email,email
eac4ea4b1d,email,email
93874a5cef,email,email
17e4964769,email,email
e5285c4878,email,email
c4054ed775,email,email
eac18fd4cf,email,email
9e88c14d1a,email,email
7798b45f6d,email,email
7e23a7a91d,email,email
42f32926bf,email,email
d159093984,email,email
77160b9be4,email,email
7a620bf989,email,email
77ada0e342,email,email
b8adcb69a0,email,email
c1dc72a777,email,email
7cd943112c,email,email
9e7d6413a4,email,email
48c5838c82,email,email
f1d695b868,email,email
eed4b91620,email,email
0d730a2c16,email,email
dafa34051f,email,email
9dee603a10,email,email
84b5352275,email,email
ac65be0e3c,email,email
a0787dc7d4,email,email
362d51a2e4,email,email
7c855760fc,email,email
66289ae019,email,email
dae2bc513a,email,email
8b5be96d5e,email,email
907ba7ce14,email,email
1d4a14a8e8,email,email
0064093b3d,email,email
ff38716000,email,email
5a21fc5441,email,email
9232770815,email,email
392548e711,email,email
5d5f3bb7c4,email,email
93c3be3f74,email,email
1dd6b4d8b1,email,email
782e18774f,email,email
6282cd4b74,email,email
37f2422a0e,email,email
f6370d21ec,email,email
d722635ff5,email,email
c6838a64c9,email,email
bbcc45ab5a,email,email
d3ca5b64bd,email,email
6dec44a650,email,email
2237842f05,email,email
2f1839feb4,email,email
e791e763ac,email,email
3ec23bc981,email,email
22d4c615d5,email,email
f57f802c3d,email,email
38634be4db,email,email
2547442dc3,email,email
c2ba8071b7,email,email
947227bdce,email,email
82b9f0e646,email,email
10e46b58f8,email,email
37de0b6e03,email,email
b3b61bef5b,email,email
0cf3df3189,email,email
2b991ca327,email,email
dda12a5087,email,email
d25bd07d5f,email,email
fbd231a707,email,email
47594e29aa,email,email
efec01d012,email,email
de6d0ae5c8,email,email
a7a93e1634,email,email
2d6153a57a,email,email
9ef462a3f5,email,email
57fff81fa6,email,email
f9719d648c,email,email
78338ba731,email,email
d6a2a6ca5c,email,email
73e149c7c7,email,email
4bdc1e4c1e,email,email
2c84284d69,email,email
be61043bbf,email,email
7437c6247d,email,email
015a40f1a9,email,email
a65bba8f6e,email,email
a3e7716e80,email,email
927f7da6ef,email,email
6c7cec39e8,email,email
a07d01a515,email,email
78d4ea83f3,email,email
c6dd28cbd1,email,email
3d27820540,email,email
c64f2782e1,email,email
133aebf3fb,email,email
e2b1161513,email,email
ef30e370cf,email,email
d36c375214,email,email
41a5c2a56e,email,email
19d34a003f,email,email
4ad3a95cf4,email,email
5941c86b42,email,email
d4aa5ab1f4,email,email
30c2b8f7bb,email,email
72723295d0,email,email
e426b71c61,email,email
f8a7305c97,email,email
6fa026906e,email,email
df3c8abfcf,email,email
0cd306dc12,email,email
27399cf9e1,email,email
2da40a53b5,email,email
4e014341ef,email,email
6fe5f822b0,email,email
96eb0031f6,email,email
5d98f63544,email,email
a05f33e2d3,email,email
0fe976c16d,email,email
9341bcd0b1,email,email
15e7bb9e6b,email,email
ed158e1a3b,email,email
2c777f2629,email,email
7366c004dd,email,email
ec388f2697,email,email
cd565edb9d,undef,undef
7ce9dd9856,email,email
9c5d6a19f5,email,email
72ba6ef159,email,email
ef4727631f,email,email
9dfe8686ff,email,email
57e92a4e26,email,email
4193129ab7,email,email
e6f801d12b,email,email
604bd40224,email,email
d9b5794b43,email,email
8ca5237581,email,email
3804f1f72b,email,email
7ca78aadc2,email,email
e1fafe3362,email,email
946f5b7289,email,email
64c83f8a79,email,email
86cceafb6a,email,email
5694f8ed39,email,email
ccbc1deb05,email,email
91165ac51e,email,email
83581dfb13,email,email
8e9443c9cc,email,email
3e6132c289,email,email
0e5fd677fc,email,email
153e2be008,email,email
c19d5fa42c,email,email
85a366ef47,email,email
32241d7420,email,email
9bfc3051f1,email,email
6096eae32b,email,email
dee5128204,email,email
8495baea75,email,email
65143e4c23,email,email
52f3102bbe,email,email
4ff61af8a7,email,email
8451d218b7,email,email
d2ebfde380,email,email
b9f6cf7252,email,email
2b813fbbe0,email,email
d7f4aaa988,email,email
b759e40f98,email,email
bccc2626ce,email,email
de2faf240c,email,email
f258d6baed,email,email
2e79b8ef09,email,email
f3e7813511,email,email
0f23a8fad2,email,email
a9af998b33,email,email
0450964730,email,email
a3f5d6518b,email,email
b9d98e6f88,email,email
173cd57281,email,email
2a471a1106,email,email
b1f7991425,email,email
8df27fbc2d,email,email
8095316ed1,email,email
a08008db69,email,email
ee00fcc008,email,email
93a3eaa4ac,email,email
413714193c,email,email
2521f072ba,email,email
979d7da9d4,email,email
b3e275762d,email,email
c8c29937b7,email,email
a39f5badd2,email,email
19a32480e7,email,email
fce9b53c13,email,email
292d3e29ae,email,email
b0025185e6,undef,undef
3c6dce2db0,email,email
159cb70f32,email,email
e5d0330762,email,email
db98ce7888,email,email
19ac835044,email,email
123fabbe91,undef,undef
4cf900d153,email,email
0815a398f0,email,email
35b8fbdf33,email,email
c54e0ef58b,email,email
35a522045e,email,email
102532ad2b,email,email
04cabb947d,email,email
380e772b12,email,email
24c9b58aea,email,email
616b0010b9,email,email
aa761e290f,email,email
8770e7a72f,email,email
44e42e1136,email,email
4d8e5500b6,email,email
8bae159908,email,email
aa1db4b36d,email,email
36ec46e62c,email,email
2a7a54b6ed,email,email
7f087f7dfc,email,email
f2fb813af5,email,email
e46bc4673f,email,email
d7df834a7c,email,email
c78d8e1281,email,email
87935dd602,email,email
fdf21635bc,email,email
89efdab794,email,email
6431d8cc2d,undef,undef
93ba65aa0e,email,email
224bb02440,email,email
35d3b36012,email,email
cfac7bba45,email,email
c354ad33df,email,email
080eab20fe,email,email
845b7f53b2,email,email
b8adcb69a0,email,email
b66abae2a6,email,email
ad0a69927f,email,email
26e64ca8c9,undef,undef
195b219e23,email,email
0a163f0a9a,email,email
a846215031,email,email
a14a3ba4e0,email,email
936d8c81b2,email,email
7d29f949df,email,email
8f6d1239fc,email,email
7075979516,email,email
e1184e30fd,email,email
5853ccaad1,email,email
5e3da01e93,email,email
9b3e70e06b,email,email
f730e05ba3,email,email
1bceef0fc2,email,email
018a6ca8cb,email,email
2586d6fd32,email,email
9ef4f9c033,email,email
e3c2a25c19,email,email
115824be6d,email,email
2af6427b9c,email,email
d222152446,email,email
b3363b0057,email,email
37033a12a9,email,email
eb2e42c427,email,email
2659b22fd9,email,email
e210368a95,email,email
64c74d88f9,email,email
bfb0e10707,email,email
982e117c4e,email,email
6a994ce11e,email,email
1b535e50c3,email,email
f7a6fe5071,email,email
b22561190e,email,email
ef62d30d1e,email,email
2a7a54b6ed,email,email
0f2d86bca6,email,email
71e65c69ac,email,email
79f0345666,email,email
466100b492,email,email
d57a08ab30,email,email
24351ae48c,email,email
76b44dbcf6,email,email
d75b7bd581,email,email
224ff1a598,email,email
b461d1408e,email,email
6c63a540d1,email,email
747ad2b5c1,email,email
49ecd5c1f6,email,email
ff779466ce,email,email
7d136523f1,email,email
3aa25fdfe8,email,email
8c3fe03069,email,email
f7bf5d25e1,email,email
782ff292b1,email,email
cfd8b702e2,email,email
3ba4c98fc0,email,email
571ff61aae,email,email
631e8ac2cb,email,email
1d7a347a41,email,email
633ee8e8a7,email,email
fb745e53e6,email,email
7f1b130a1f,email,email
f4e8c66e5a,email,email
fcd4939e6c,email,email
25d986b0bb,email,email
2fb40b5c4d,email,email
ee4fdbfb83,email,email
bf95352a09,email,email
60f5e492fa,email,email
e48b440e6d,email,email
0aa24d7774,email,email
677454a68b,email,email
81c047dbc5,email,email
51198ab63b,email,email
ba4ea9b889,email,email
48dc410075,email,email
b24d8b6239,email,email
967785ab66,email,email
d2a2e8ec25,email,email
762b43c4d2,email,email
0efa0764f3,email,email
047b7a3b8d,email,email
a86773bbc2,email,email
5bf7265efe,email,email
088d22bc59,email,email
a2cacfc3ba,email,email
07aab41d8d,email,email
91d7631734,email,email
d697dfc27f,email,email
3cc8712a90,email,email
9158924f5d,email,email
beb9b2adab,email,email
66da510d20,email,email
3c89e6e62e,email,email
44905bbf5f,email,email
dc15f0f85d,email,email
4d20e7fde9,email,email
801743ad26,email,email
77921e0200,email,email
fc0a57da25,email,email
2307d76abc,email,email
162de0b7d3,email,email
a2f5e377b2,email,email
448f472cce,email,email
feaa2f853e,email,email
b8fc329f78,email,email
69fbb890fa,email,email
23e962a581,email,email
8b7f5c60b2,email,email
8a37b76bd5,email,email
b0b9215afd,email,email
55637ce26d,email,email
f782e15584,email,email
9005dc6327,email,email
d175566196,email,email
a2219fe073,email,email
691eaa054a,email,email
3c5d96742a,email,email
7ba652e42f,email,email
dfba85190c,email,email
bd056a70ca,email,email
8f20220628,email,email
90f7f3a46a,email,email
20f29c9cc7,email,email
2745102373,email,email
1a834b2754,email,email
1d59a7690b,email,email
25a8f42662,email,email
863fa5da7a,email,email
6945b8749a,email,email
c6efd8baf2,email,email
2e6708a41d,email,email
5bfd10bd74,email,email
8368178e1d,email,email
6a8d603972,email,email
53198aa4b0,email,email
0f24d7b0f7,email,email
30aae2f4eb,email,email
704401c98d,email,email
472ba1a4ea,email,email
6c1941f5a0,email,email
c33e79cd6b,email,email
3f31895315,email,email
c89663c007,email,email
a73141291e,email,email
d018043b7d,email,email
674bbe6225,email,email
254e6d3c88,email,email
6a63434c28,email,email
1d1ad9412c,email,email
1718c37fc7,email,email
69e790a582,email,email
f688eae391,email,email
2df51c5d8b,email,email
40cacb32ab,email,email
05245f4fb2,email,email
1c74ad0b74,email,email
496a08d3f9,email,email
42cb013310,email,email
1e2a47f761,email,email
dd181b58a4,email,email
7d73c4d46e,email,email
818682ad24,email,email
343d1f495d,email,email
494f07baa4,email,email
ab5d83caeb,email,email
50a7a2e147,email,email
22d152adb8,email,email
403a70856b,email,email
d018043b7d,email,email
5ea079fdc2,email,email
aeea2e5d20,email,email
36f7190de6,email,email
970085c8d7,email,email
78db47e6bc,email,email
bb0b9228e3,email,email
6e0bc62ef5,email,email
bf6c6a381a,email,email
8517b270c1,email,email
d4d87e443c,email,email
f74aadbb50,email,email
0de46f19e2,email,email
8e85b9a90f,email,email
aefb12c5f1,email,email
6f57ba2913,email,email
6ba2b202dc,email,email
158639fbf2,email,email
43af5bd51b,email,email
2ab3d8d5da,email,email
0d6dd032e5,email,email
231027ae2a,email,email
9b47e022c8,email,email
3014659866,email,email
0981ba206b,email,email
4ab32393ff,email,email
2d7e180adf,email,email
9a1a2c49df,email,email
432b5c0021,email,email
d0f8bba110,email,email
d5b328ed94,email,email
cb26298085,email,email
ecbdfde8aa,email,email
bf86640dd7,email,email
023b4d5c7e,email,email
bb87340eca,email,email
308da819e2,email,email
be53faea61,email,email
471b407a9c,email,email
e7918f2110,email,email
55e7b4cd36,email,email
4942ab3f99,email,email
a2761a7ee7,email,email
313ddddf26,email,email
0551b4bf5e,email,email
405de2d7a7,email,email
6696b1333f,email,email
707f19a583,email,email
f5914927f7,email,email
58c57c26be,email,email
2c71dd6edf,email,email
316730dac6,email,email
aad9acb85e,email,email
345f0a7289,email,email
1f53295ed1,email,email
0d9364c5a8,email,email
73c74eb273,email,email
8a89adf6a6,email,email
12b08490a8,email,email
8065db1a8a,email,email
f52806b0c6,email,email
dc8f2d0ce4,email,email
3fb761fbbd,email,email
488dee03e1,email,email
100a4055b5,email,email
05a4374a11,email,email
004ce0bfdc,email,email
35b9471081,email,email
8ba8cc0f35,email,email
49fd0dd630,email,email
cb5aa45e37,email,email
2925b4c547,email,email
dbd1adceb5,email,email
deae351385,email,email
4f46375e27,email,email
b6538fbcbc,email,email
a2ab6c2d8d,email,email
86d706c303,email,email
11f9482d19,email,email
d21757e9b1,email,email
2e90f074b6,email,email
75fee5b209,email,email
d9b1223553,email,email
5410e787ed,email,email
ddc2095e8a,email,email
ad8f45bfad,email,email
00412cf3b5,email,email
1b2a652978,email,email
838303eceb,email,email
f7c0fd3414,email,email
d51132ae25,email,email
4bcce8a062,email,email
c72ef1f706,email,email
21d6a9c2f7,email,email
f2cb5f267f,email,email
baeb3bfe72,email,email
07b516ddf2,email,email
55005e83dc,email,email
5e6be8dbc5,email,email
3f07325aea,email,email
8353dd378b,email,email
fcb18a5c77,email,email
40b04e8838,email,email
22b269a354,email,email
90550efd9a,email,email
673a09058f,email,email
014b33059e,email,email
0a2e31d8cc,email,email
297c058637,email,email
4f67df228f,email,email
6511b10e96,email,email
9ffa1fb76b,undef,undef
91e0cab24b,email,email
b275308f1c,email,email
4bec834f68,email,email
b03787999a,email,email
a0f3bee3a6,email,email
7b69403a92,email,email
50d3dee07c,email,email
b3ba6681ca,email,email
52b19ec167,email,email
4ad81346b0,email,email
d7d0ce2550,email,email
67a9a7df00,email,email
fe8f4df92b,email,email
873c9c3692,email,email
423e1f85ae,email,email
2a0a212048,email,email
4862a69e41,email,email
524e1175d1,email,email
86460a94e4,email,email
d6d5325711,email,email
695506ac76,email,email
8ee526002e,email,email
45ec4065b1,email,email
bcac1173e2,email,email
5db5f46767,email,email
80bdfcc17d,email,email
c75dfd82fd,email,email
514ebd44b3,email,email
347d8ada2c,email,email
1110e9f354,email,email
943a44711a,email,email
257a7b0554,email,email
2290b6a886,email,email
72c3bdb039,email,email
7a83121fa9,email,email
036d58f0d9,email,email
4ead0d473b,email,email
2c018ab812,email,email
3be5d57dbb,email,email
772119386f,email,email
c41b557f43,undef,undef
966917328c,email,email
2b0a8c6857,email,email
0fbfa4e302,email,email
a213c3d6f6,email,email
c8d0d9b464,email,email
bf685f0593,email,email
196be9fa8f,email,email
db098a8c8f,email,email
baae80c95d,email,email
06a83781ec,email,email
d40d68acf9,email,email
e97288bc9c,email,email
460d0559e8,email,email
20b721e85d,email,email
deb8320452,email,email
8b7551fd29,email,email
62f2f1f088,email,email
193ba80d42,email,email
851b63e111,email,email
a76abb6cbe,email,email
437fc466c2,email,email
96089b043e,email,email
85655e6cc4,email,email
45f29a8b1c,email,email
cf27ecd530,email,email
a5e60a0000,email,email
9596d7908a,email,email
b04d91e36a,email,email
17ad09729a,email,email
18554cd839,email,email
80ef6a0cfb,email,email
815841e2b1,email,email
3f737fe253,email,email
d6d7d64591,email,email
e11ab3cbf7,email,email
79f345f2aa,email,email
4b2e406fd5,email,email
5909431e35,email,email
70add8d883,email,email
969025c9cb,email,email
e14893b7ba,email,email
c8d31f196b,email,email
5308b9d589,email,email
87e6b5c75d,email,email
8a8b582927,email,email
7ca200034e,email,email
b5cebd3081,email,email
e609bd390c,email,email
7394c88872,email,email
c68b177197,email,email
88ce6d45bd,email,email
b1ed6b2fb7,email,email
1c9f6ca96b,email,email
3a32fa3958,email,email
afaedbeec6,email,email
24dc844d93,email,email
53f336379b,email,email
c1bb8ab19b,email,email
b05ad8ca4e,email,email
07ffde191f,email,email
1049e0435c,email,email
2b8600d583,email,email
79b8b550ea,email,email
541ca86bd6,email,email
8f30bc7acd,email,email
47294b15ca,email,email
160fb76743,email,email
86f852b6b1,email,email
e1d8cbd852,email,email
609db8f825,email,email
8454b50f9b,email,email
9c139de60a,email,email
3203746ec1,email,email
0f0865a6fc,email,email
1135dd5a3e,email,email
c6ff854154,email,email
bb4486aa92,email,email
0cd803a2cc,email,email
cc90cd273b,email,email
65dca73ba8,email,email
e208ca4b30,email,email
69d60b8f92,email,email
fddc8ccf87,email,email
b95233686e,email,email
34c1ef227a,email,email
560429287a,email,email
7a918245c7,email,email
9880c4e0ce,email,email
9949e439a3,email,email
81620902f2,email,email
504208d53d,email,email
2440286374,email,email
8d5f4e3f31,email,email
5a07855451,email,email
da038c69ee,email,email
c35c25d97e,email,email
5f6c3ba3ba,email,email
08461fbca8,email,email
278b6bf3fe,email,email
1de8af786f,email,email
009fd32966,email,email
fb3ea8b814,email,email
4937d2993b,email,email
48d73d8409,email,email
97e3c53e44,email,email
2a89317b9b,email,email
89acf11490,email,email
66204a7a37,email,email
765029cb1d,email,email
1556b5e341,email,email
39fd7724a8,email,email
e66aa37279,email,email
a68cf450eb,email,email
d6266a7375,email,email
0879737d67,email,email
4ebcbdca95,email,email
2d86b190a2,email,email
0a37ad2ddd,email,email
2e8c398108,email,email
f3c0b4c592,email,email
caac80bd9f,email,email
922b378a62,email,email
765f12d30a,email,email
a959135a56,email,email
149ed46f3e,email,email
4647b1fcc7,email,email
4051a25380,email,email
1ec191b60c,email,email
ca2040cdde,email,email
8b3603b2dc,email,email
270d436408,email,email
f0f5e69cf4,email,email
d97e52465b,email,email
0d52d3d736,email,email
b70c884c54,email,email
e3d6889030,email,email
9f680b911c,email,email
9097bb28ca,email,email
e9b27aeb3c,email,email
7c0e5d1651,email,email
653d8ae7e7,email,email
5469e8918c,email,email
da13a187b5,email,email
61530186ad,email,email
5ffa3a53c3,email,email
6ca5da12bd,email,email
5d2929c42c,email,email
4962e2cdd2,email,email
8699ea5581,email,email
96fe93fc22,email,email
d290880dd5,email,email
1702f6a647,email,email
37454dba07,email,email
c2a4fd23fe,email,email
d2287e5961,email,email
500352e5c0,email,email
8cedb344f8,email,email
742fc1c0aa,email,email
14c42ecd2d,email,email
9285f1ccec,email,email
edff858fc2,email,email
9ad6a25b07,email,email
a3977e9ff0,email,email
2ad5104f9f,email,email
e02745a26c,email,email
fc3b220666,email,email
cb96b3a7bb,email,email
fdcf9cd8ec,email,email
ed52b82d06,email,email
70dea242ca,email,email
10b2534022,email,email
9bfb3c8e64,undef,undef
fce381078f,email,email
890ae11697,email,email
34f2d85610,email,email
8dc9bc249f,email,email
7091314dbe,email,email
77ba611c68,email,email
f455390426,email,email
3d60dd6959,email,email
a37b3bd613,email,email
5adc53c8a1,email,email
39d5fcea02,email,email
bb918dce89,email,email
989a104a59,email,email
78b7985556,email,email
ed468bc1ea,email,email
38690d7b6d,email,email
11520818e0,email,email
c7ccef4875,email,email
7a2eb08483,email,email
6e3b475662,email,email
2798111e95,email,email
38e25b1936,email,email
8ae8803eea,email,email
9658961582,email,email
6fb293f375,email,email
ebe0877594,email,email
a2f8315ff2,email,email
747f8658be,email,email
b2f15456fe,email,email
a2174b33ae,email,email
75e975620b,email,email
9a03cddd13,email,email
86d1ea776e,email,email
5e9a305fae,email,email
e70bc0cd40,email,email
0858450cc3,email,email
169d59ace4,email,email
0469d843bc,email,email
cde65f23ae,email,email
9bbf43d691,email,email
3f9ea06f5e,email,email
a5ad5b5f5a,email,email
ca61b359d5,email,email
d9c77d55fa,email,email
2f7ead08bd,email,email
0492e93f73,email,email
ab142feb40,email,email
e3f6e554a4,undef,undef
25f9daebf0,email,email
c895114334,email,email
11ceb5e5ed,email,email
b8dff2d734,email,email
47be41e184,email,email
bda2b72498,email,email
c5a75d55aa,email,email
f47d9b3272,email,email
9c3f3e3f79,email,email
070fd11f78,email,email
0b20b1574d,email,email
5b3dff3165,email,email
5e727061ca,email,email
fc908eef3a,email,email
fbea5f7db9,email,email
0f8813ed43,email,email
1763e75f36,email,email
72904d93c2,email,email
7b192836ae,email,email
6655e95de0,email,email
02e20ae6fe,email,email
8e5395a6d0,email,email
5c85ab47f7,email,email
0db3699e72,email,email
eda48add5a,email,email
df6bfa6cac,email,email
68ebdf7ff6,email,email
0eb85623bf,email,email
52d1b8b2c2,email,email
570e04135b,email,email
79b5302837,email,email
683322bbd6,undef,undef
b41e025b82,email,email
4c35c96721,email,email
25c30be54b,email,email
cc3d173599,email,email
cb58a7e3f8,email,email
60c2b30720,email,email
9075df8b5a,email,email
8a2d19f966,email,email
798e0d336e,email,email
85d0d7a84c,email,email
8425cded0d,email,email
0cd4278362,email,email
a776f11a68,email,email
3e3493e8c0,email,email
b489e647c8,email,email
6c37b1adf4,email,email
663f492c05,email,email
e4b1ee6efa,email,email
ec78137662,email,email
60899cfbdd,email,email
c77c7549ca,email,email
bbde9182d3,email,email
49e218b1ee,email,email
8f8e934ef6,email,email
59b632469a,email,email
12fa2a6afc,email,email
f7855fa449,email,email
843c6d550c,email,email
87d90ad4c8,email,email
cd80e3eb8f,email,email
8395538564,email,email
a6fd5a3a6d,undef,undef
dcc2d5b7dc,email,email
a91f47a8f3,email,email
13f3a8c725,email,email
014af0fb35,email,email
ffc104ee9c,email,email
5fdc0c0dc1,email,email
42ea80e162,email,email
871eb926e6,email,email
d106843821,email,email
c59acca579,email,email
95aa8d1068,email,email
684bc721a7,email,email
fa31a9a742,email,email
1341c7e7fd,email,email
1ea79f9675,email,email
b8e7ed7c00,email,email
b940b137f0,email,email
836b5b0427,email,email
fbce93499a,email,email
7d7f2340db,email,email
03c40f42d6,email,email
979a8f99e7,email,email
279f2c5847,email,email
872a9a9537,email,email
4d7e06a23e,email,email
e38ca0e496,email,email
d81381d71a,email,email
2582c45dad,email,email
227c46dcf4,email,email
8e8abbde3f,email,email
e829402d46,email,email
d32b8197e4,email,email
878f305806,email,email
0559e63246,email,email
8643e8e98f,email,email
ecebc822fd,email,email
f9a448af15,email,email
f40e468831,email,email
9c3cedb54d,email,email
92dc31ac8e,email,email
505092a319,email,email
31b365d156,email,email
08f1caa2c7,email,email
c841815267,email,email
63cd9fa4bc,email,email
f7040933d9,email,email
d24a6c17a8,email,email
07152e27f1,email,email
5717468845,email,email
d5a151315a,email,email
5529fffb60,email,email
cbc2010c77,email,email
a525d2ead9,email,email
47ae90b2ac,email,email
c5725ae989,email,email
746a97e1ca,email,email
ddfad95817,email,email
58ef28456e,email,email
053fe1328f,email,email
52a7391fd5,email,email
594a6e1a9a,email,email
fa89f8cd81,email,email
a3a08cb680,email,email
56336b9b0f,email,email
db07507e8f,email,email
206df99bcc,email,email
716d7d77da,email,email
c5c0bf99a2,email,email
108fd88ab0,email,email
e69f3685aa,email,email
79d4d8499e,email,email
60f6995759,email,email
6a97057ba4,email,email
a6a8c07794,email,email
3c42674a4c,email,email
2ef5cc815f,email,email
40d63e5125,email,email
cc87468171,email,email
fe22730118,email,email
3e58c149af,email,email
f85801ebae,email,email
fe7f6b510c,email,email
42a6b4e09d,email,email
046e9b7ad6,email,email
bb7a67cfaa,email,email
4fe97c5a7a,email,email
31d08bf99c,email,email
3c1c48c347,email,email
cc2773e11c,email,email
3b33557574,email,email
881fffb747,email,email
d66251a320,email,email
a3424dd8fe,email,email
3777a93bb6,email,email
cdf4df9a61,email,email
1255201ba0,email,email
7a5c5233be,email,email
74eff9114d,email,email
e4f9b2fcc9,email,email
4b52e19b50,email,email
0152e5f4ad,email,email
f4543ba9a7,email,email
e614b19ce0,email,email
80bec06fae,email,email
8ce6c47f17,email,email
ccea6ed9fd,email,email
988adfbb7b,email,email
db39c7639c,email,email
5c2d7d0500,email,email
fe46ad8d95,email,email
8e5f82120b,email,email
68c25ebe4e,email,email
e6b729b84d,email,email
cd9a81bce5,email,email
b80907481a,email,email
a5dcf68459,email,email
1dd0fcfa54,email,email
672e51f539,email,email
ce90454c24,email,email
c52e28cc7d,email,email
a819bc7da7,email,email
6c9dfcf22f,email,email
55d87eb30a,email,email
ffa2215cdd,email,email
c521f661fa,email,email
48885861b6,email,email
5184c2fc69,email,email
abf94f23c4,email,email
7426ab1c67,email,email
084126f412,email,email
883faa4f4c,email,email
097f4c3eaf,email,email
c1c9f78a44,email,email
b0a5c845fb,email,email
5fa7ed181c,email,email
c02673448a,email,email
d2edd419c2,email,email
174cafae4e,email,email
7bb4ff62c0,email,email
a83b9262e8,email,email
edc2cd573c,email,email
74e8713e02,email,email
3771909dd6,email,email
3e712c9369,email,email
f2299fb6c8,email,email
ca7e1b8087,email,email
f8c7d7e152,email,email
d4e2907389,email,email
dc93707a13,email,email
a9c32fdc6b,email,email
0411d50cad,email,email
ef08ac8593,email,email
19daffe260,email,email
54a82891cf,email,email
1d41a73335,email,email
fd8ac0b29a,email,email
5d833286ab,email,email
3dc77429f3,email,email
203dc7715a,email,email
e398ed50d9,email,email
0f67a45667,email,email
01e20982e9,email,email
e68214acad,email,email
7073605aef,email,email
af21592988,email,email
1adf1cc8ef,email,email
c307720388,email,email
933eb848a9,email,email
3f35198580,email,email
bef9033945,email,email
20510efe8f,email,email
2eabd81514,email,email
24dc483cf8,email,email
6737c69f98,email,email
f5ddb7c1b1,email,email
ba44e19c1d,undef,undef
9101eae32f,email,email
1ae696d205,email,email
d1e4b9b8bf,email,email
966ac2568f,email,email
f76f974dc5,email,email
3d27903b5e,email,email
45ae4a1195,email,email
15980bd9ff,email,email
8cf01c3335,email,email
336870b72f,email,email
442b5d0dde,email,email
08673c40de,email,email
3c9a9a0f10,email,email
2253f20dc1,email,email
f931f491fa,email,email
361f831de3,email,email
cd7675c67e,email,email
170b289c47,email,email
8d6d171ccb,email,email
d326b35cc2,email,email
d0a660ffb2,email,email
45f70e4a5d,email,email
0e2b96fac9,email,email
3127707214,email,email
ba8166aa62,email,email
03633ed5d5,email,email
98dc28916c,email,email
21c84b9df6,email,email
88ae37ace0,email,email
beb6b72fba,email,email
b0e4244106,email,email
dbee090fa2,email,email
8496a7036f,email,email
31fabb70cb,email,email
4d01d53823,email,email
1fe19c306e,email,email
30b9000eb9,email,email
eae8204423,email,email
9e19775b89,email,email
b43ec4b9ea,email,email
1dda6c6fd7,email,email
f268295adf,email,email
fda3697e33,email,email
3c373a7a50,email,email
d27c7c1969,email,email
33106ccdfa,email,email
b77a6f0edf,email,email
91af59a36d,email,email
8e864a64ee,email,email
d4f0e0d21a,email,email
23abc9e07a,email,email
a0930ceb30,email,email
67a2202d72,email,email
3c52410270,email,email
2464a7e240,email,email
c0cee33598,email,email
14d6fdffb6,email,email
d81479f42d,email,email
673990d066,email,email
2c5e5ebc5d,email,email
57b0e62e8f,email,email
9de2ff9f00,email,email
0978a49773,email,email
8d5417df85,email,email
2b0e613b26,email,email
2738eda7f4,email,email
5bf2f99849,email,email
b1faeebdb7,email,email
4558a27e69,email,email
390812caa9,email,email
ad26064858,email,email
ae304914dc,email,email
0afb31e8d5,email,email
e06b96c4ee,email,email
5c1b147818,email,email
94d5778fcd,email,email
9a4e2f2ccb,email,email
4e0e4478fe,email,email
eeb5b6d3b9,email,email
bda3ae5259,email,email
2ae7ea7c88,email,email
c08c9321bb,email,email
573a3909bd,email,email
c66813b0eb,email,email
d3b8e519a5,email,email
bf7abd56fe,email,email
674da4f7b4,email,email
9669ee88d6,email,email
a82e0ba693,email,email
3486938b8e,email,email
30a2e39bea,email,email
c9181f1417,undef,undef
0b364b6899,email,email
d123ba3d78,email,email
aaad41c0e1,email,email
e7dfd021e5,email,email
39cad173de,email,email
b6069196ca,email,email
dbf2141234,email,email
49e24b0999,email,email
538fa17f75,email,email
7351a54dcc,email,email
0a4f4d1ca1,email,email
6630809b73,email,email
f9306b2c9b,email,email
88fa2a478f,email,email
c39018193f,email,email
c27963167e,email,email
1d65db5301,email,email
4700ab1853,email,email
a0e85fc020,email,email
0d9d010682,email,email
e04efa71f6,email,email
59c869c4f6,email,email
c06b12d744,email,email
f702c863d9,email,email
91ffc16c59,email,email
e637cf1d7b,email,email
942ac9bd51,email,email
6a6dd4b882,email,email
514358b0e7,email,email
4895b5ca3a,email,email
2cdb4542da,email,email
e4cc488d2b,email,email
e05789bc85,email,email
a08d5a2d71,email,email
e9e67a6dd2,email,email
afd768105a,email,email
afe6a5bc46,email,email
013ff751db,email,email
92bf1db4eb,email,email
e12c686756,email,email
ed4b8997bf,email,email
c6a33dea96,email,email
56aaed5848,email,email
ee4f38388b,email,email
ac13ff9a69,email,email
abd35c9686,email,email
729530f62b,email,email
a03c7ec14d,email,email
8af6d4cc2a,email,email
fb616f390e,email,email
241f0e2a6c,email,email
a1b5258a17,email,email
9053b62dd3,email,email
c447e5816d,email,email
ef9443cc9e,email,email
d30d40d3af,email,email
71562d0de7,email,email
8986349045,email,email
0689c06401,email,email
75b9aa4679,email,email
f9e3bdb102,email,email
2e22d6e4fc,email,email
3bffd2ac99,email,email
7f59b7c8b8,email,email
8b05d74d87,email,email
9ad099dea4,email,email
7eb13988da,email,email
48cf2374a0,email,email
6147568105,email,email
af86c0959d,email,email
dd75bda8bf,email,email
c42836aa6a,email,email
0054cfd8f5,email,email
14f575c97d,email,email
cae387f2c0,email,email
ffde1b96b1,email,email
04201cf683,email,email
ce403049ab,undef,undef
033a804566,email,email
44157047cc,email,email
b0d9f28163,email,email
a0e85fc020,email,email
9248593d41,email,email
843a7c6e8e,email,email
8d5adb7a9d,email,email
fcaf7942e5,email,email
96a109c5c5,email,email
03a44c61b3,email,email
326133c9f6,email,email
c004041a37,email,email
197338e2f9,email,email
326d5058f3,email,email
8e29d37b09,email,email
828351d4f9,email,email
8db567d5ae,email,email
979f5d7ab3,email,email
b1dd163ef6,email,email
c9ffe6b420,email,email
675eb8c729,email,email
0978009091,email,email
d88e74ff37,email,email
f2df491564,email,email
3a689040a9,email,email
c163638abd,email,email
b064864252,email,email
778747f29f,email,email
0c525a3d37,email,email
864c12e128,email,email
355821d6de,email,email
b059931b03,email,email
e8dc17a7ca,email,email
2d973545cf,email,email
1b6a8cceea,email,email
7df97ec4df,email,email
e04d75f5f8,email,email
197a41dd03,email,email
4e279c8164,email,email
8b521923b0,email,email
6b91cc613d,email,email
bbd3f13ecf,email,email
53d44223cd,email,email
c65f560177,email,email
4b7be4352c,email,email
b56b6dfd6a,email,email
3becde1642,email,email
588974c588,email,email
18bbccf6f8,email,email
4d411949c7,email,email
eb23b6d337,email,email
5a3d803eff,email,email
f483ee8ea0,email,email
42e375faec,email,email
82e9c43045,email,email
7c9b69b642,email,email
34330097e8,email,email
8e06285030,email,email
6ea6e291a9,email,email
a82e0ba693,email,email
09d106939e,email,email
05e13086a5,email,email
1c64d17b65,email,email
a3c98af68e,email,email
3952b905a1,email,email
400a37ef93,email,email
552a3c4692,email,email
3341c8093c,email,email
822f85ea26,email,email
64877e5901,email,email
d878f76bf7,email,email
041efab3f9,email,email
2f4b35dd0c,email,email
ecebc620a2,email,email
6f5644ad8f,email,email
006e06ccdf,email,email
429704c18f,email,email
a885b6df98,email,email
b48536e09e,email,email
371e3317a9,email,email
16d3106775,email,email
057d1bc51d,email,email
7e7c70d2b3,email,email
e51fa4f44b,email,email
adec79bc16,email,email
25e0bf9b95,email,email
b8b787feaf,undef,undef
478f69a43a,email,email
5e587563e7,email,email
01b14f27ac,email,email
18a22afb20,email,email
b30b5dfded,email,email
3cb7d22cc6,email,email
0e65943735,email,email
02879c359b,email,email
51d27c835e,email,email
16b76ecac8,email,email
91b0df88f2,email,email
090ec3c117,email,email
d0603093c8,email,email
56705392dc,email,email
7b14e42156,email,email
d93aa2a703,email,email
82df61395d,email,email
e6bcd6f663,email,email
73b2f42ddf,email,email
e31bae87bf,email,email
34d47f2d22,email,email
c6ace51079,email,email
c5eeeb6004,email,email
6f1dca2b47,email,email
25a990343a,email,email
67a795f4de,email,email
647de2d40e,email,email
3f4725195e,email,email
52860e9523,email,email
06190b1bc8,email,email
591ca5feac,email,email
cc2c3df5dd,email,email
46f4dfbaba,email,email
714fbd8120,email,email
22418fba3b,email,email
e2eefd2f64,email,email
dfd2461768,email,email
6d95ca68c1,email,email
f5ef180e5a,email,email
4093840ec2,email,email
f1b90f5dd3,email,email
0783b811d9,email,email
30b730ca3e,email,email
f96fd20222,email,email
3b58f23213,email,email
199c526375,email,email
527b840926,email,email
de25d1402b,email,email
e6140e1b6d,email,email
9ca0aa43fa,email,email
6ba8162e7c,email,email
3d6802156c,undef,undef
d995791ec8,email,email
b21ba9365c,email,email
983079a629,email,email
06ec85aa3d,email,email
d100eb7076,email,email
8c83b37537,email,email
88935b9bfd,email,email
07eb9d6e04,email,email
9274376aa8,email,email
e102cf323c,email,email
3ca5a948e0,email,email
b6a846e897,email,email
16044bf760,email,email
4e61d196e5,email,email
e257207987,email,email
758c673639,email,email
eedd2dcde5,email,email
0d12bc0479,email,email
5d22e3cf81,email,email
0e09bf53fe,email,email
83f106b5c5,email,email
bc466e8de8,email,email
685a56dc13,email,email
697b6a98fe,email,email
6946c5f599,email,email
aa714004e1,email,email
2cfa3de079,email,email
7cf2bcedf3,email,email
d8742aea34,email,email
154f757d67,email,email
9f0ba1904b,email,email
28395c66ea,email,email
5be10c31be,email,email
6d95cc7438,email,email
de6e201b8d,email,email
f4ce77cd4f,email,email
9a051c951e,email,email
d90304d1b5,email,email
f52e6ee2d4,email,email
9d0b4da3af,email,email
ee53547df2,email,email
993c1a8435,email,email
cbd9497fc2,email,email
43dc0228fc,email,email
b56cca03c2,email,email
c299a7bc64,email,email
db1f0a84b0,email,email
85a8032a1c,email,email
aad710e41f,email,email
4a10ce811c,email,email
007887f4a3,email,email
2630e6aa14,email,email
4127fb54fa,email,email
269eae7baa,email,email
f943fbefef,email,email
9938184d45,email,email
2d85160cae,email,email
180e1ee091,email,email
f1d9c75e84,email,email
caf89fb887,email,email
4c8c29f10e,email,email
41efd0ea86,email,email
897bbe6c20,email,email
569390f205,email,email
25cd26d5a9,email,email
a4190c7647,email,email
5e3dcfdbb9,email,email
61d8016348,email,email
160a4217b7,email,email
dc5fbbe924,email,email
c377bccd1e,email,email
61b3e84f3c,email,email
e791fc0155,email,email
bf657ec454,email,email
d40025eb3f,email,email
921fcd8a2b,email,email
c22b725074,email,email
d21dd43a83,email,email
bb51633d18,email,email
9c9355c918,email,email
0491657734,email,email
f57d13d5d1,email,email
0c63ae2d57,email,email
ad7d6c6f55,email,email
d912c06c92,email,email
fa709317c7,email,email
d93626c419,email,email
047f300025,email,email
973d6d51e0,email,email
ea92506178,email,email
c9e3b170b7,email,email
c99ff062bd,email,email
489cac3ab8,email,email
90ddab0c83,email,email
9f59acfdf5,email,email
e8ca7a47d1,email,email
8b6e4cbed7,email,email
43f0d65029,email,email
6b75215230,email,email
b2e40dacc6,email,email
e693037621,email,email
a076061fbb,email,email
c0b9400b88,email,email
010747c108,email,email
a353be796c,email,email
e684bde52e,email,email
ca053be81d,email,email
0a1807e815,email,email
0510ed68e3,email,email
ad8191ee8d,email,email
159b5ecd58,email,email
af3a062a8e,email,email
c5aec3604d,email,email
59fcb54c73,email,email
af2969c6ec,email,email
7fa5bb7775,email,email
e7efddab76,email,email
f1209e28a6,email,email
944b5296c5,email,email
05ac702dbd,email,email
5d8c876a5c,email,email
547b0ca6c3,email,email
74a6a4a5c2,email,email
5363ddee02,email,email
0bf11aaf06,email,email
0da4f2e5dd,email,email
bae7beefea,email,email
a3626fbaa6,email,email
1613c744fb,email,email
4fa196fa82,email,email
b192161386,email,email
da930fac23,email,email
f185d551d2,email,email
534e155c49,email,email
8f2df3620f,email,email
12ef9853c6,email,email
8ec4f57f70,email,email
130b1010b0,email,email
16399d0062,email,email
90caed70f0,email,email
0d7b0224af,email,email
469167bee2,email,email
24b4987fd4,email,email
afe4e7a24a,email,email
67588532ac,email,email
30aa09a271,email,email
46ebd7c9fc,email,email
8839f42726,email,email
2c81c0f525,email,email
ad6e3ad174,email,email
167d474bbd,email,email
f76184a82d,email,email
d7219c771f,email,email
369ec5e16e,email,email
d8166b8370,email,email
2197a6c09a,email,email
1b55094336,email,email
65287bdd21,email,email
f80d711139,email,email
b1eacac859,email,email
81f6a23d8a,email,email
9c1290877d,undef,undef
3087daec7f,email,email
7711f60e95,email,email
c35d2d48ef,email,email
ce0781b74f,email,email
bc55c5b52b,email,email
55f095727e,email,email
f106fbf37a,email,email
893f05223f,email,email
e805205ed6,email,email
be9d35c6f2,email,email
b47fe2aded,email,email
985f1dab3c,email,email
1bc439e487,email,email
396c1d0541,email,email
f82f5c0def,email,email
efde248d52,email,email
86e10d1f14,email,email
f5201b5144,undef,undef
ae10f48a5d,email,email
aa3d00c88f,email,email
df213f9955,email,email
d188747b93,email,email
c24e2d4e5f,email,email
1f15fe0296,email,email
e9a06c0a97,email,email
8937f807dc,email,email
b514104c33,email,email
d4c62a7428,email,email
0103d41ab9,email,email
e9ca12b954,email,email
ba33a3f235,email,email
fa4c2fe4d5,email,email
23cacae3db,email,email
a3d41507dd,email,email
aae3482e80,email,email
1b81cb350e,undef,undef
a15bd1cb52,email,email
679bc0eb48,email,email
ee4dea0d9f,email,email
c7715277f2,email,email
c7a07b32a0,email,email
c44f6d0484,email,email
d575e77739,email,email
8717b6015a,email,email
9be8988beb,email,email
685b6baeba,email,email
ca54912272,email,email
2c83063473,email,email
c8da5a1689,email,email
5f23ccb860,email,email
e7e5c1bf73,email,email
8204e96b7a,email,email
8d72655352,email,email
83bc0c6faf,email,email
30411d1f25,email,email
f8ce00d5eb,email,email
67fab1a844,email,email
57ce76394d,email,email
030a243ab0,email,email
0316d307eb,email,email
cac6c38022,email,email
626adf8cc5,email,email
a900e29ff6,email,email
42b0d812aa,email,email
a98323ce92,email,email
180610482d,email,email
b2644216ea,email,email
7d50465919,email,email
b017d0fd52,email,email
a1b84a1fce,email,email
94e22ef9ae,email,email
4cb35adce9,email,email
ccf71a5a55,email,email
84fdd3d830,email,email
468c801bdc,email,email
345e48966a,email,email
0e3b256728,email,email
03a2a77ac2,email,email
0a5fc9419b,email,email
ded4b0ba42,email,email
4879300941,email,email
c3e9fc0611,email,email
8843c31c25,email,email
b913b93528,email,email
019eec239f,email,email
95754bba9b,email,email
4108caf90e,email,email
131acbc9a2,email,email
17dd7cbbf3,email,email
ab810bf6dc,email,email
9c10ded4cb,email,email
3ae9a7a086,email,email
9d3e93aade,email,email
3ff0626f7e,email,email
94371e0c0e,email,email
8a5850c56f,email,email
702cdb37ec,email,email
7adfd88671,email,email
a34736b894,email,email
3499a66d3a,email,email
d1026e2c9d,email,email
5fc3925bf2,email,email
03baed905f,email,email
8e7ce04e1f,undef,undef
7a9561a817,email,email
c1517ccbe4,email,email
e3e8efd776,email,email
d2c124c1e1,email,email
a2e82e766f,email,email
d65d9af41c,email,email
58bebeb9d4,email,email
f3e5e1cd55,email,email
090f74ccba,email,email
edb785a02c,email,email
0ef6646db2,email,email
f417ac227c,email,email
d16dcf49cd,email,email
254384632b,email,email
59262f1a6f,email,email
adda4e7d16,email,email
ac080a9fbf,email,email
75dc49174f,email,email
ae1eb299c3,email,email
2c634a75a4,email,email
f3810b50e7,email,email
6bfe6f6141,email,email
c633dd2b3d,email,email
33afe1aa1e,email,email
48439c753c,email,email
a8a553fd55,email,email
133d604cb0,email,email
f7705d8b4c,email,email
2bf8392f6d,email,email
6edf8c66fc,email,email
176f01e43a,email,email
1bba239bf6,email,email
63a1a297ce,email,email
5b6bd32e52,email,email
d37e97db59,email,email
dd308628e8,email,email
b5f7ce7e77,email,email
cfaf2d0109,email,email
920ebb0c16,email,email
582120e04f,email,email
acdd8328b0,email,email
7551d551ff,email,email
9d6e26512a,email,email
64d2701a5a,email,email
90aa6570b3,email,email
19111c702f,email,email
a9f7aa7b55,email,email
81d680dc65,email,email
b5d59dc563,email,email
7128d3fb25,email,email
af7ebf0bfe,email,email
f0690f27d8,email,email
9a459edd48,email,email
1ef6052e39,email,email
feaff81b93,email,email
ad8cd5ee3d,email,email
c819ae4072,email,email
2e968804f2,email,email
168df92fe0,email,email
15da26ccf8,email,email
fae97f4836,email,email
2f2d4019d5,email,email
ec973dbc12,email,email
6bf56136cc,undef,undef
0d0554fdc4,email,email
295923cbb6,email,email
dfef6980c6,email,email
23e3cd947f,email,email
58b4882777,email,email
0ce0cf9c14,email,email
64d80660e2,email,email
89f5415242,email,email
f2d05b901d,email,email
f6924cbba7,email,email
72c03737e6,email,email
1f2daaea38,email,email
08cfeeca7a,email,email
05c812865b,email,email
f858d788c6,email,email
40a089051b,email,email
982c642e01,email,email
d3466b1d9f,email,email
08bfab0622,email,email
d01d2ead85,email,email
a4b4609f61,email,email
ebea3ac352,email,email
cc94d4c0aa,email,email
3332fac807,email,email
c9c1704f63,email,email
8ecd492445,email,email
2a3fa0735e,email,email
1276693f7b,email,email
cc40c22838,email,email
6379780dd5,email,email
16d7a4cede,email,email
06d630a85d,email,email
f94d5e1991,email,email
9170fb505e,email,email
975f68068e,email,email
ba7598783a,email,email
fc226fc833,email,email
e2951a29cf,email,email
81697419ef,email,email
8a33859e7f,email,email
bac0597543,email,email
de727bc901,email,email
c5c5f14e1e,email,email
e3d56755c3,undef,undef
1de9579b27,email,email
3266d167b4,email,email
4abde2a143,email,email
2051bf45da,email,email
4bf4d315ec,email,email
9df3ebda1b,email,email
59b9079539,email,email
bbd2d25666,email,email
7d48c978d2,email,email
6247485b3e,email,email
4b39f14c22,email,email
c6ec0f320a,email,email
36b3813c73,email,email
94b45aebe3,email,email
6e6f6c1887,email,email
8faeef4f40,email,email
552662389f,email,email
e09203f91a,email,email
1f0c43ace2,email,email
9f66c34a00,email,email
2244755c86,email,email
dd9293d284,email,email
5e2fcb8e6f,undef,undef
5764124c78,email,email
6bcf389fc2,email,email
38ae63ecac,email,email
5ea1c4d62d,email,email
4dad74d110,email,email
6c1858c5bd,email,email
8d3a89c53d,email,email
94069f652e,email,email
86ae20f1bf,email,email
62ae60de8c,email,email
72f42d4216,email,email
8a77b2011e,email,email
54abf390f9,email,email
f9c7bc9d10,email,email
636866c31b,email,email
e3c0dd17e6,email,email
c16ad70a8e,email,email
af95244e64,undef,undef
4c1eb6388d,email,email
16b6599ffe,email,email
ecc38fa7d0,email,email
80d6781bd4,email,email
0bbd8c07e6,email,email
9c5cd12f68,email,email
689bc80164,email,email
9c6504b960,email,email
57cc1ef886,email,email
b10780d1dc,email,email
808d64b44c,email,email
218cc16f34,email,email
054eef0b95,email,email
025616c1e8,email,email
51c748d8d0,email,email
bd52c7e21d,email,email
05145a5ab8,email,email
9b487a6139,email,email
12c0f7f033,email,email
d134460fa7,email,email
0f466301ce,email,email
0f4e1c76d5,email,email
2cd982f48f,email,email
3aaed98556,email,email
cfe241643c,email,email
82e91cb724,email,email
4bde4a7208,email,email
91923f0f29,email,email
1924dda98f,email,email
cfb17a03c8,email,email
5a8c3ded8a,email,email
224e4b4109,email,email
f96dc684b7,email,email
fb19ebcce8,email,email
67a8cf205d,email,email
3b2955221c,email,email
d6ebbbb3f3,email,email
97ce30d542,email,email
13bb89e6e1,email,email
4db685a77d,email,email
919b23bb45,email,email
da695690ea,email,email
ec8b8d008f,email,email
266e1c9b1e,email,email
5a57c2ef8d,email,email
a604b770b2,email,email
e30a285e5e,undef,undef
d39b8f8232,email,email
9c9fdd10dc,email,email
c34ffd2ec3,email,email
edc2fe2fd2,email,email
7796451c38,email,email
2ae915a826,email,email
757d15c4af,email,email
a351420c1f,email,email
656911c1a6,email,email
b192061924,email,email
acbcf7a5a1,email,email
9f255939fb,email,email
3ad959b1ee,email,email
aad15628f7,email,email
5808c3d40b,email,email
0a4c5e2014,email,email
d1f728993b,email,email
324ac9e8b2,email,email
136ae1dfd0,email,email
dbbe8f56eb,email,email
992a065f3b,email,email
02b171c532,email,email
221cbf7dcc,email,email
5c0e6770a6,email,email
9c09a8a52a,email,email
0bcdaab4fd,email,email
3fee5da4c2,email,email
7d4a9fc396,email,email
da3606625d,email,email
e7c3838c3e,email,email
515dac0f48,email,email
be6d16d24e,email,email
5760e64a09,email,email
ed5156649f,email,email
1d25fb62f7,email,email
a0182ad643,email,email
ab28652fdd,email,email
e007b255ce,email,email
da8d4be7b9,email,email
1a634bdbcb,email,email
9bb4c702c6,email,email
84d30084c9,email,email
e7f579efc3,email,email
a6ece2a2fb,email,email
f471116370,email,email
41caa1db53,email,email
a3fe8ac4b9,email,email
73320c29b9,email,email
15a83f2c01,email,email
c28788b8ec,email,email
9884fed897,email,email
389526144d,email,email
2eb5f35c7b,email,email
0479d52889,email,email
75c0d27475,email,email
01c4ad5a71,email,email
38d7eb5b46,email,email
4b2d9c1612,email,email
d35209d313,email,email
d6896621da,email,email
2ffa3951b8,email,email
24be3be5ae,email,email
a3ee83b23f,email,email
4b16560d8c,email,email
f6e1a96720,email,email
9a5f2ace4f,email,email
ce67b94579,email,email
30820acdd0,email,email
7f292e0fcb,email,email
4eec125f40,email,email
74a9824536,email,email
24725b1ef7,email,email
bb0784dba9,email,email
6dddb3a7a0,email,email
756a109587,email,email
613dc95365,email,email
0936621d57,email,email
7866d3acd1,email,email
169441cc4e,undef,undef
6f019e5347,email,email
5f494977f4,email,email
4f6c2b993b,email,email
1d198f937c,email,email
8113ba1858,email,email
8d17aaf2f1,email,email
14e9fa5ddc,email,email
febe474041,email,email
05a36949fd,email,email
046c39390b,email,email
6d4d7a25cf,email,email
c807341b89,email,email
2ae45c5d8a,email,email
ea61ba92d6,email,email
0f047b9aac,email,email
73eb049065,email,email
a1f11d1970,email,email
3a1e2f407a,email,email
b5dbc6202c,email,email
cd642f65ac,email,email
a9ef746bd6,email,email
386b0c81f2,email,email
d399889af3,email,email
ce39269bcd,email,email
076c9ae74b,email,email
98e5fc4ce9,undef,undef
f92f695de3,email,email
691b877353,email,email
2d446466bd,email,email
37762660c1,email,email
0f49b26452,email,email
ae284015ea,email,email
6c63a540d1,email,email
7bf06c2b7e,email,email
5530676f60,email,email
416071d9aa,email,email
34193d84c9,email,email
b795fc566d,email,email
9175e6b812,email,email
bd77f46432,email,email
cb0c9640b7,email,email
d76d9ad2e1,email,email
95ae09af7b,email,email
1fcd95202d,email,email
35384d04d6,email,email
f5e8b0fc25,email,email
06a9fc702f,email,email
2b7cd6c280,email,email
ea381bf5d8,email,email
1c9de9484a,email,email
f86a201c2d,email,email
d499b07bce,email,email
943204dc68,email,email
88bedb10ae,email,email
8090ffe275,email,email
c84fee4ef1,email,email
53dc4d3157,email,email
160c85f5b7,email,email
61b38f571c,email,email
7a8ce4d7fe,email,email
1b7723321b,email,email
6e9af425e4,email,email
ffa7dd8555,email,email
71eef5dbff,email,email
d5cb34f8b7,email,email
553bac1c49,email,email
a5db8879fe,email,email
9b07ea64b6,email,email
0152608a28,email,email
a135662d7c,email,email
a81af0b3f5,email,email
68be5e037a,email,email
6e161ff16f,email,email
782ca30da5,email,email
fe64558188,email,email
d73498cec1,email,email
e75242666a,email,email
be7dd5ec9b,email,email
d32505cf65,email,email
22fc0d744d,email,email
5eb2f1dced,email,email
c12c8d86e6,email,email
dbcd12a2da,email,email
6b7cda92fa,email,email
9a51600967,email,email
4922f96288,email,email
8e244b399d,email,email
335bfcdba2,email,email
a31238fadf,email,email
a1cf649c96,email,email
7a554bbe1e,email,email
882031cbe5,email,email
5f453de593,email,email
f5e037a746,email,email
126df23f93,email,email
e5686476be,email,email
97889a01a4,email,email
4ac6eeddc3,email,email
324dda6319,email,email
38c2cee035,email,email
a6e693a005,email,email
f9eea567ce,email,email
13581ffb0a,email,email
ed88b36f35,email,email
cf347987c6,email,email
ec5a268b73,email,email
f75f914b63,email,email
58228af83b,email,email
bc3e2363f2,email,email
ba555b7e84,email,email
55867ab91e,email,email
4268c38a64,email,email
9aa355d864,email,email
f85daa8746,email,email
c8d4cc32f2,email,email
972e001a86,email,email
2b9af53dbf,email,email
68919ac855,email,email
50c7178b2b,email,email
bfad9319ce,email,email
7d9170ef1e,email,email
bd03dbe0fa,email,email
965c56b965,email,email
b24f78eb00,email,email
fa3759e6a6,email,email
caae6713ba,email,email
09f4f5fe62,email,email
de32197599,email,email
f3a7914d14,email,email
a6634b2ce4,email,email
7d90847af0,email,email
5a36dacb0a,email,email
d8e062e018,email,email
5885e7edc4,email,email
8a762eb43b,email,email
1390b72d16,email,email
dad0649480,email,email
bd9ca1e83a,email,email
8c9d28a7b9,email,email
e00cfdfa40,email,email
a0b6928964,email,email
3baedf754a,email,email
0f5828894d,email,email
4afe5df25c,email,email
205f1a60c3,email,email
56fb1ac3e5,email,email
f7ec47c8e6,email,email
3b70300bd6,email,email
5af85803fb,email,email
4f1d26575e,email,email
cb3ff6850c,email,email
d4f4fb0a76,email,email
b8cd67870a,email,email
61aeade1d2,email,email
8a61ca3bc2,email,email
41ae700968,email,email
86f3f28482,email,email
8eb050b887,email,email
54efb75c69,email,email
7e4c052d9e,email,email
cf6164ee0a,email,email
be293ce19f,email,email
e582383e02,email,email
ff39bc1fc2,email,email
29f3c1c54d,email,email
cadc64e087,email,email
da6c18d977,email,email
9a43a08eed,email,email
331ef079e6,email,email
7a068193f8,email,email
889f679780,email,email
f5df542481,email,email
4b0e4adde8,email,email
da24e97ac3,email,email
9b214e06d0,email,email
69ab59bf24,email,email
7e537a73a1,email,email
7719c39e6c,undef,undef
5e8e940eb3,email,email
f268165d3e,email,email
fe28a6fdd7,email,email
93406a9d7c,email,email
dd029b9344,email,email
d57653d1b0,email,email
f959beb9aa,email,email
ad1a023b93,email,email
5c023440b8,email,email
cdaf591984,email,email
ca8b10d4df,email,email
afdf4387ae,email,email
38ad618326,email,email
0adaffb861,email,email
1f1b243a74,email,email
08646c0b0f,undef,undef
3a9b9e58eb,email,email
b19afda9b2,email,email
63b1162d6a,email,email
bdddd8d3af,email,email
af31e1ff71,email,email
6f8afaac86,email,email
39cf3cc944,email,email
2bb6b3c507,email,email
ea63efde23,email,email
9dcd8ae34b,email,email
a5109e1f79,email,email
33f315ba3e,email,email
5c929462a1,email,email
84d66a34d2,email,email
a5ebc9c86d,email,email
abb1ac4d92,email,email
510df156c0,email,email
fa6ae2d2d7,email,email
6c875dde0b,email,email
5d3c893042,email,email
cc3be92aeb,email,email
5a724fdbb7,email,email
6add4de70b,email,email
cfd62c8f93,email,email
2f3928619f,email,email
9af9c2e73e,email,email
e82ebef249,email,email
c5851f1584,email,email
5b9dab6a49,email,email
f389a6b44f,email,email
5d845b58de,email,email
99216bc649,email,email
0bcea4b6bf,email,email
ee0ccc47e8,email,email
b80c4de731,email,email
53a21127e4,email,email
12f8e39630,email,email
ef63080834,email,email
07749cabad,email,email
6820cd1559,email,email
1fa2429f11,email,email
ecef4e5f7b,email,email
a8e846ec93,email,email
1d6288a047,email,email
a443343653,email,email
406430b9fa,email,email
1cf29df79a,email,email
6185969e53,email,email
33dface645,email,email
cd7bfd3ce7,email,email
f154919632,email,email
df42764639,email,email
49e7943b56,email,email
73306c11a0,email,email
6fb99bf440,email,email
cdcec6d6f5,email,email
09a8271041,email,email
5cf135161e,email,email
ca8ac39b31,email,email
13d86db59d,email,email
82104fbcfe,email,email
9cea6b09f6,email,email
9e2be11d67,email,email
df5dec26a7,email,email
012920e1e4,email,email
b8fcba8ca3,email,email
39c7e9e570,email,email
149a5d73dc,email,email
82e54adefa,email,email
0466f0db5a,email,email
08614a3c61,email,email
607a8192e4,email,email
0c444b8a31,email,email
da7747adb9,email,email
9c122c7e71,email,email
ee0c53024e,email,email
2000978ced,email,email
462042daa3,email,email
8772920a0c,email,email
b8b81cd8fc,email,email
ca267e6b1e,email,email
26d67b3fb2,email,email
01e45d84b3,email,email
d317ea1011,email,email
cff4fb8588,email,email
f81551d5e8,email,email
5dd342966c,email,email
4ee09e3bb7,email,email
9d37a89f38,email,email
48e64920c5,email,email
d65539d476,email,email
a28846f231,email,email
3afd237b43,email,email
9466a53d33,email,email
56b3415a9d,email,email
835bdf781c,email,email
70953e6278,email,email
b667258045,email,email
f140a35e0a,undef,undef
5db4fa3c5e,email,email
eaeebfd4c7,email,email
18813ec4e5,email,email
769cbc4cac,email,email
51ac957f9b,email,email
0a50cc7f51,email,email
e01030e732,email,email
859f7e405c,email,email
2ea763d478,email,email
f07c9f2db6,email,email
63d95db529,email,email
258ac95540,email,email
0ce033a076,email,email
9c74b3a075,email,email
6b900af3d8,email,email
106ca42e56,email,email
2a010e31e5,email,email
97f74def63,email,email
c963904270,email,email
bdc0dc21f0,email,email
2890011704,email,email
e14297d688,email,email
3bd84d9c2a,email,email
badd50f205,email,email
1289a0764c,email,email
08db1ababa,email,email
7c11ca37a8,email,email
4052da6164,email,email
dfc6b5cf97,email,email
70ade1ce4b,email,email
c0f61260d3,email,email
b77fc8cd60,email,email
9f149f39bd,email,email
eeda07c434,undef,undef
51df35638b,email,email
22511730f9,email,email
88a2d0f03c,email,email
9a63fb8088,email,email
2886fd4511,email,email
aa4c69b578,email,email
ac02ef5abc,email,email
854347a941,email,email
0f8535aee3,email,email
d4ad5507e5,email,email
704170d800,email,email
0939d06d78,email,email
e6662112ee,email,email
ec81eb76a7,email,email
bad6c97d9c,email,email
7881505c80,email,email
645df11e61,email,email
ca805731c8,email,email
9d58e5d0a5,email,email
3595f4548f,email,email
de7df87cc1,email,email
f9b4cabfc5,email,email
fe1d059c44,email,email
845f413be9,email,email
d5a3201bd4,email,email
cf66765884,email,email
6e45c2562e,email,email
96a7b8cf9f,email,email
1cd379e703,email,email
b285d1590d,email,email
4252a64f1f,email,email
be1338213b,email,email
14559807ea,email,email
6d4595c1f4,email,email
39a8f5e742,email,email
94eb6ed3f3,email,email
4eb88f30b7,email,email
7887bb8de4,email,email
649ed88892,email,email
1a8ac0956a,email,email
0839986f71,email,email
1e698ee9a5,email,email
d28215a32d,email,email
313906984d,email,email
0d03f1b559,email,email
2bcca68ba0,email,email
728aa3ec83,email,email
297159ca37,email,email
eabca18ec2,email,email
bbc071c0a0,email,email
e984e5c6ef,email,email
e727fb1199,email,email
5f789546ca,email,email
ff2d8504d8,undef,undef
5a9fa80297,email,email
918bac6ccc,email,email
a8e4437713,email,email
80204cd9eb,email,email
ee5a30c83b,email,email
acfef792dc,email,email
3c5832f3e7,email,email
9248593d41,email,email
cbbcd41abd,email,email
6846568b09,email,email
00364e9cf9,email,email
e409f2c825,email,email
00d0cc3671,email,email
b475c55ccf,email,email
9dad848fc2,email,email
db1d9338f0,email,email
88d5d40973,email,email
2e32b1270e,email,email
52096bd4a5,email,email
08c4b0f1fd,email,email
5fa05d6307,email,email
3b1c6f3559,email,email
9fdc0d1f37,email,email
5248513495,email,email
c826522695,email,email
176784b196,email,email
614ae6ebcb,email,email
5abb70c1b4,email,email
c706a7e6ee,email,email
05af6f05c7,email,email
35c618169e,email,email
d87313520b,undef,undef
38cc576c49,email,email
baf23ee795,email,email
3c1acb46a6,email,email
06938748c8,email,email
d29bdbe1c7,email,email
5f317226b0,email,email
68eb7bc07c,email,email
f253767a5d,email,email
2949257e2f,email,email
082252be59,email,email
ae1878c291,email,email
5b3ba90b1d,email,email
e5f86be595,email,email
c8c8e90426,email,email
b159fa82f7,email,email
4d66ad11ca,email,email
82d89c3c86,undef,undef
3f3092eb4b,email,email
d58d4fe4bd,email,email
a1db68ac73,email,email
0e5d0494ed,email,email
9d3ce84c98,email,email
f6d1b70ece,email,email
c2228bf1fa,email,email
0d2b3c6085,email,email
d43d9fa494,email,email
ebd52bcb62,email,email
9dc6d580af,email,email
c128d13c37,email,email
688a3c173d,email,email
f34df6be25,email,email
0728e38e18,email,email
186ed94cc0,email,email
f2ad50daaa,email,email
c0de77f50b,email,email
2c60051262,email,email
536561aa61,email,email
ec8476e3e1,email,email
16e6632966,email,email
781fbe6c30,email,email
6064deac74,email,email
e3c2b08f6f,email,email
7416076f7a,email,email
e6d7ecba3b,email,email
21a1abb91f,email,email
3b95eb3f44,email,email
32caa87ecd,email,email
04258b0af4,email,email
26027e293c,email,email
377e9605f7,email,email
b9a557b1dc,email,email
9eb4f5e0a1,email,email
81ab4cf06a,email,email
f29f694944,email,email
cbd7e449a0,email,email
d50db530a4,email,email
3e5ce4e6f8,undef,undef
c34bf872c4,email,email
a0256b0a9e,email,email
c9a17f2d8a,email,email
21d92e84a4,email,email
08a82d4c4d,email,email
563bbf346e,email,email
4b86521964,email,email
3b44d891d1,email,email
e59cb7e9d3,email,email
fbef1cb2b5,email,email
bb8651f837,email,email
e665e780ca,email,email
0fc806957d,email,email
b77c3340d2,email,email
daa5da99e5,email,email
2ceba15162,email,email
bda3fc9331,email,email
1dacdd13b9,email,email
582057c105,email,email
930712945d,email,email
8be47881da,email,email
88543256d7,email,email
961324ea96,email,email
84df7109a1,email,email
e39a931b77,email,email
44ce1f8087,email,email
f8361b383f,email,email
5566672193,email,email
b3f6795682,undef,undef
1143a69e9a,email,email
c758741be3,email,email
fc0d149865,email,email
9d8b4b81c0,email,email
1ff648d05f,email,email
608e96807b,email,email
19d5888098,email,email
0e904a9a93,email,email
50a2a002bd,email,email
cfd4648c01,email,email
52845678f0,email,email
c39018193f,email,email
4c231f3064,email,email
055261be9d,email,email
1890759377,email,email
ca772151d8,email,email
d79d267d4d,email,email
75a07373d0,email,email
38f72476aa,email,email
1ac006c3f1,email,email
a83bc4845c,email,email
43803ce57b,email,email
85db7b013b,email,email
c8e1626d54,email,email
308de46275,email,email
629025631d,email,email
86e6d0dc85,undef,undef
f4263502d5,email,email
2f06df716e,email,email
b989c32681,email,email
a8de6f6a81,email,email
114547f2bf,email,email
1f684b060f,email,email
5b5b4e6929,email,email
4ac09f5174,email,email
49e38e6ee9,email,email
0cab8999bc,email,email
d80ca7bac1,email,email
5779a64487,email,email
0fdaa3cad3,email,email
dcca42f5aa,email,email
9cbfff13af,email,email
428bfff15e,email,email
6881483a2f,email,email
c2c5ffef29,email,email
df1ee38a52,email,email
ae79352c01,email,email
5763d9e837,email,email
b704a39f2e,email,email
26c1f00dc7,email,email
2a3cd308c9,email,email
5555bac633,email,email
f5bb03cabf,email,email
748e4416e5,email,email
7ac4d374c6,email,email
738c34d7a5,email,email
56c771e3a8,email,email
e4e37f238f,email,email
22e0d51131,email,email
f344751811,email,email
12c1019a19,email,email
004eacc254,email,email
ff85bf6575,email,email
5436ac9e53,email,email
ff454ee086,email,email
b8e8707610,email,email
1acdd53b64,email,email
ee77d94c39,email,email
d65f9e11ce,email,email
36c3a31122,email,email
73ba1b779d,email,email
03c4c3e32d,email,email
4bdfcac578,email,email
0315894f42,email,email
6c212e711c,email,email
617e6d3439,email,email
a695cdca9d,email,email
8c848c4eb6,email,email
f3e47ab117,email,email
f48e6a795b,email,email
824d8916cd,email,email
180a452481,email,email
94318e06a8,email,email
6b3a6bbe4e,email,email
79f577ea23,email,email
b0a097a622,email,email
7683a08bb7,email,email
3d1991b595,email,email
93a06fce7b,email,email
41da8aa5cc,email,email
445636a910,email,email
b1cd192549,email,email
680023803d,undef,undef
a16ea2604b,email,email
42b086a3fd,email,email
1de9bbd307,email,email
991f5fdefd,email,email
2f2e62e360,email,email
6603e9bee4,email,email
865b1ea478,email,email
a4cbd19214,email,email
9ad9110eee,email,email
d6dfca3d96,email,email
90326bd48b,email,email
fd0fe707d8,email,email
29d545e979,email,email
0594f6e4ee,email,email
f2b0df7f11,email,email
ea1ba58080,email,email
4e7e158b52,email,email
4b7639c9e4,undef,undef
ac98b79e26,email,email
d803787dbc,email,email
171e8f9723,email,email
20a7eae396,email,email
a916c89fa0,email,email
53aaa57632,email,email
322ac88e82,email,email
62fa170970,email,email
202a59e5fd,email,email
a0d9ffb0bf,email,email
a5c00cb900,email,email
bb8e8f19fd,email,email
ffb62c3d0f,email,email
b506f0d829,email,email
323f3157cf,email,email
04c8825556,email,email
a497333cba,email,email
778a6cbbfd,email,email
c18d089946,email,email
efbf817404,email,email
fda66fadae,email,email
d6288f2a29,email,email
96c0d1145d,email,email
c9d0cc467f,email,email
2bdbe3b2e7,email,email
cc2adb7340,email,email
4d957639c8,email,email
607926dbcd,email,email
976eae95e5,email,email
ee229072d8,email,email
40c6efb432,email,email
5afcfa3249,email,email
d9bc446f75,email,email
8fd0beaa44,email,email
1c576b86f7,email,email
96cf1e0a41,email,email
ccb3b0c691,email,email
f61a76ea70,email,email
39aa6da5c5,email,email
0b2c05e070,email,email
13e478c646,email,email
7d482181e1,undef,undef
4b519a11a3,email,email
ad212172ca,email,email
f5398d90aa,email,email
35eca68a68,email,email
be29e4d2ed,email,email
18a7cbba9b,email,email
f8e637c8f9,email,email
3f546753c3,email,email
4782b09f2f,email,email
d56ffd1202,email,email
aa0df5cad3,email,email
ca8b10d4df,email,email
72c0ecf8a6,email,email
1794137a3a,email,email
5dac1d163e,email,email
323b3759db,email,email
727bec9ca4,email,email
f4652e07b8,email,email
f2c74cdc26,email,email
e35408efe2,email,email
fe4475dcd4,email,email
5c97b0948d,email,email
d6724257d3,email,email
652c7bcd3d,email,email
9a34051795,email,email
707f32424c,email,email
4afe2b9c2a,email,email
8eb278dc85,email,email
dde13e780a,email,email
e67056b840,email,email
bc128b3e4b,email,email
1879838907,email,email
9eaf7bf6b9,email,email
d14f66e87f,email,email
c89e3ebc57,email,email
5431e6463d,email,email
8f7e6e45a8,email,email
7e52002700,email,email
e9dd3fc8d8,email,email
2b6e4f048b,email,email
c32b953f90,email,email
0cf2b33f84,email,email
725e3982cd,email,email
7542f1a56f,email,email
6e29e39632,email,email
d16ca24a16,email,email
8bf57a6478,email,email
50964851ef,email,email
61e05d2832,email,email
c867f0e134,email,email
b841e7e6e0,email,email
d5d8c62d74,email,email
1ee0bf0b9b,email,email
11d35d937f,email,email
d1abf8bc7d,email,email
cb5f33d83a,email,email
16a17482ff,email,email
21c19973cb,email,email
249c3d2734,email,email
a0eff84fff,email,email
656f53105c,email,email
11f77ef837,email,email
58b5e19b2b,email,email
cbc1c06a5d,email,email
e1c7cbbcd5,email,email
0ed1957fc9,email,email
68b7277804,email,email
90e76a6c18,email,email
18ddd4413b,email,email
90b3ceb970,email,email
d8e87400bb,email,email
fe0abdc6ca,email,email
16a5c885de,email,email
e8b1b4e227,email,email
a327312bd9,email,email
cc3f70234e,email,email
78cc5dbbbf,email,email
22be45a522,email,email
858e306308,email,email
3647730943,email,email
d8ceccff26,email,email
3051afafcb,email,email
db8a821d3e,email,email
532e37dca5,email,email
73a97c3190,email,email
35d96176dd,email,email
4c9a581dd1,email,email
1c94091e71,email,email
6dbce368cc,email,email
fbe7c253cf,email,email
d55da61517,email,email
f751657140,email,email
85b91cbed7,email,email
3c5670f004,email,email
b4d0d67085,email,email
d4f44657f3,email,email
2b92e2e9a6,email,email
bd34d55cc7,email,email
d17d449097,email,email
f93358ed62,email,email
31ff922b3d,email,email
3021f66525,email,email
5fb784f539,email,email
d8d1d0efdf,email,email
5783ab0862,email,email
f0003660f9,email,email
307104b792,email,email
fafcd107fb,email,email
f05c6f66a4,email,email
a36b6a763c,email,email
d3adcdf371,email,email
adf0989b39,email,email
3c8fe16c45,email,email
bff488a942,email,email
a737146a03,email,email
59f1a45e27,email,email
3d4f521030,email,email
8c19a79b44,email,email
5b7c9c08c8,email,email
b37e806248,email,email
f514c0888d,email,email
f4df740fe0,email,email
0af8fe83bb,email,email
e5cdf6de1b,email,email
c73d16e6e0,email,email
813442ec23,email,email
1ba1916065,email,email
bb63c91a5d,email,email
fd3ffb6714,email,email
9989e4190b,email,email
4e5a8dc0e3,email,email
99ef4e5f3f,email,email
d8dfaec454,email,email
95e2e64515,email,email
18649b83d8,email,email
0a1942075f,email,email
e74a170509,email,email
f5627c3b4b,email,email
389418dc70,email,email
3d6e393bfb,email,email
f1b21647b8,undef,undef
461e0b22f4,email,email
5bfc988a84,email,email
eeb4d4e42e,email,email
941edddbb2,email,email
bf722a5d41,email,email
8d0156a017,email,email
1818a274f4,email,email
ad74090985,email,email
1f58ae7dea,email,email
f8789fb589,email,email
1193219d84,email,email
8cb09a8da4,email,email
a929fa0d00,email,email
6a2a5e0a88,email,email
c8b5bf6f64,email,email
a05641d656,email,email
6331f04854,email,email
86a4879d99,email,email
3ef3cbe2fe,email,email
822ed92fcc,email,email
d384972211,email,email
731f53f869,email,email
c557d12746,email,email
299ec1a659,email,email
5d0b9c8ddf,email,email
6401aeed4d,email,email
aed9064718,email,email
ec7dcd25c6,email,email
6d5d2f4dbe,email,email
68097e8f1b,email,email
ada1735305,email,email
2392f85c1f,email,email
15fb91a182,email,email
7982aca503,email,email
3dab36f3d9,email,email
c3b3be2bc1,email,email
4d9982b117,email,email
daf53ff5d0,email,email
09fb94609d,email,email
5782369bcf,email,email
6214d147ab,email,email
e4fb5fbc45,email,email
ace5e96d86,email,email
151dc43132,email,email
bc0543a030,email,email
572c0d2ade,email,email
a256750b42,email,email
71064e0a36,email,email
2fd7d3c628,email,email
1feca71a32,email,email
3d4993b585,email,email
60b6809104,email,email
8b7eb968da,undef,undef
fe8bb30016,email,email
b5485c1e31,email,email
27fb15a984,email,email
5c42f10208,email,email
8d0f7814d9,email,email
b1f4b022f9,email,email
4737e2dace,email,email
a51a3f81ca,email,email
85839e06f3,email,email
cee2a42395,email,email
606dfa4d6e,email,email
915e2f9b5f,email,email
05508f687c,email,email
b0e854040b,email,email
95f1a5d6c4,email,email
5825e5bc8e,email,email
0499485e25,email,email
b2493e5302,email,email
63efae299b,email,email
fc9cab07ff,email,email
472579ba20,email,email
829ca0075f,email,email
ce27a89c9b,email,email
7f3b175882,email,email
d8e2ce091a,email,email
c6ec19c314,email,email
4eaf950f55,email,email
fd7d46621c,email,email
f528915720,email,email
75dad494ec,email,email
c407a88965,email,email
8d48c7d40d,email,email
0e0ca8219c,email,email
a87b48288b,email,email
e1a959f19a,email,email
08c3977aef,email,email
8c0c9da0a0,email,email
ebd4d7b6fb,email,email
04c008b39a,email,email
e9737e3341,email,email
685cff270e,email,email
11b99ab216,email,email
4ac4439953,email,email
4cc46c37e1,email,email
9e6c774646,email,email
325898f6eb,email,email
0ffab721d2,email,email
a3f097b10c,email,email
2ae7d954c6,email,email
e6550941e0,email,email
8929d014ae,email,email
b89b3a3289,email,email
b6bc5dc027,email,email
1e9dbe46c7,email,email
98f16749ac,email,email
b8184153b5,email,email
e719d617de,email,email
3676503375,email,email
fa9f8cb702,email,email
42ddd33a74,email,email
8ca0062346,undef,undef
246f536e62,email,email
aa4e3821ac,email,email
b458ad6833,email,email
705796cd9f,email,email
a5213550ed,email,email
67d9786b6e,email,email
212a2f39b5,email,email
26bffe1ad4,email,email
a7da638e0c,email,email
94c3917fb8,email,email
f6e861a63b,email,email
9b4f8428c0,email,email
6fdef6f501,email,email
4438e4b30b,email,email
7d16306659,email,email
49aa0a4ccd,email,email
98992d08d3,email,email
978be2690d,email,email
84ce28d8cc,email,email
2780de27ba,email,email
02873d3269,email,email
b2819f492d,undef,undef
f49e825a91,email,email
ba4fab3861,email,email
20598a640c,email,email
5ad36f4379,email,email
b9265f3f51,email,email
d26843560c,email,email
fa56559491,email,email
7a326732c3,email,email
33a0d74c93,email,email
26c8a24efb,email,email
d678fa61f6,email,email
269d673253,email,email
9c797c5625,email,email
ad0b03f71e,email,email
28c6e8a73c,email,email
b8dc55fb44,email,email
c5e1b108ce,email,email
35909951d9,email,email
3c4f7918f9,email,email
e682be371a,email,email
2ca2c2e3fa,email,email
761885a1a1,email,email
bd5224a95e,email,email
68abd3b626,email,email
9ab7d4f583,email,email
5434b42dc0,email,email
3d0a022ae0,email,email
2afcaf01b1,email,email
20cc1e0f26,email,email
955e9a3401,email,email
c92942ec98,email,email
d8e9eaa323,email,email
3e658f01fe,email,email
304bdb9be2,email,email
0af2fc785f,email,email
a1bfbab6eb,email,email
4a3efc18ba,email,email
95b2399327,email,email
051999430c,email,email
c153e6d78d,email,email
bd01a76034,email,email
a3919c6be2,email,email
2ed5d2f461,email,email
27028bdac0,email,email
6216ef1424,email,email
5931210d5a,email,email
1eb5157dc7,email,email
626afb1280,email,email
4044cc473e,email,email
c60fd8ad65,email,email
91ed8fd506,email,email
85624cecdb,email,email
5920cb5361,email,email
de6b853746,email,email
fcc67f953b,email,email
f80823a4ed,email,email
30d66a654c,email,email
03f1c76c78,email,email
e4e5e85a8a,email,email
9003b4a6f5,email,email
95abec7f22,email,email
c31d8b880a,email,email
e10790b664,email,email
fabc24890b,email,email
45d6f9b4bb,email,email
fa6b2a9b80,email,email
f4070c4d7d,email,email
b0158bb1d9,email,email
3990c46e6d,email,email
bee9466ba8,email,email
6b9f50861a,email,email
5085908f97,email,email
9e719d0112,email,email
48c63d2a94,email,email
b777714723,email,email
97c2dd5baf,email,email
a220130155,email,email
589fa63cf6,email,email
3bcc51783f,email,email
ff4c7e5b07,email,email
35b61ce641,email,email
95ce92910f,email,email
b559cfcf86,email,email
ac4be027c7,email,email
8076e1b2b8,email,email
69f94c4bff,email,email
104bacb2cc,email,email
39264c7da9,email,email
0f7b796e61,email,email
d9546eb021,email,email
d3b98ec183,email,email
0c7f589357,email,email
583c3ac19d,email,email
a7cb64f015,email,email
e05af459fa,email,email
284c1469f0,email,email
13134095b1,email,email
49946ad394,email,email
85d3aa29e8,email,email
fed894a60d,email,email
0175239df2,email,email
5aab4c3ffd,email,email
a29d1fa12c,email,email
adc2d2b342,email,email
ed8d50def8,email,email
c5e5efc23b,email,email
2b9105fc5b,email,email
035e8be402,email,email
696b8edeaf,email,email
d30d42cd35,email,email
e3ed25f121,email,email
92b2242c02,email,email
9a47258105,email,email
28e8a55b2f,email,email
f5749b33ee,email,email
3bef4fd66a,email,email
7433cb01f5,email,email
05e03474ef,email,email
bfb56a6de0,email,email
1e52b34fc9,email,email
2fabe2f571,email,email
fc068fadb0,email,email
938f061ddf,email,email
e6e5a3bc18,email,email
247d4692c0,email,email
5c0f644fac,email,email
2af68a4e0c,email,email
66981cbc01,email,email
5c236985fe,email,email
ba1af50b4c,email,email
cc817fed38,email,email
20ad9a6bb8,email,email
fb71611213,email,email
1bfdca0ece,email,email
20d3580da6,email,email
b4e9ca176e,email,email
bf186140a7,email,email
3a5d9adca3,email,email
855c75d7a8,email,email
53c3a46340,email,email
77555e60e0,email,email
d58cc2c6c5,email,email
8362acbb4c,email,email
2c3decfac9,email,email
3a7d915120,email,email
e7c262207b,email,email
b2f923eac6,email,email
3539cafa0d,email,email
97c05ab56d,email,email
f263cec0b7,email,email
ae308c0966,email,email
3356e28399,email,email
f2c5bf636b,email,email
5f7ffce2b9,email,email
1340dd0497,email,email
74990af689,email,email
cc3a0232fc,email,email
af5e328cc9,email,email
ba99bc5bda,email,email
6620130d4a,email,email
8d35198aa2,email,email
befbc909f0,email,email
60b70767f3,email,email
f858af2d21,email,email
b837184dc2,email,email
c8056ff0c3,email,email
9f96c46432,email,email
257423283b,email,email
82c60aae9f,email,email
d33803af2c,email,email
6d30023923,email,email
faa8867b6c,email,email
a58d1026f7,email,email
79c7449d5f,email,email
697991fa95,email,email
0127be48d2,email,email
364d4e11ac,email,email
a7b58e25e9,email,email
504e49ecd9,email,email
1c9de9484a,email,email
0b559be406,email,email
fb0dba0468,email,email
65277934cd,email,email
ce55268c0a,email,email
51f24b80ed,email,email
d3345548c7,email,email
5bf01b0a7a,email,email
37238b2ef2,email,email
fd71d9fc02,email,email
792c3e145c,email,email
9328970123,email,email
92aac83be4,email,email
79f14ff56c,email,email
21e5230b17,email,email
af18f37ecc,email,email
2c8cce2d55,email,email
c58a16b375,email,email
f5c3f20b50,email,email
b315fba193,email,email
8f9eabedc6,email,email
ec269531e5,email,email
71b2fdf219,email,email
fcdb6c3ee8,email,email
1feffe6af1,email,email
8052fee542,email,email
e0350b9072,email,email
2d564102a4,email,email
6e583de5a6,email,email
28391858fc,email,email
a909732984,email,email
9bab41b3a3,email,email
f54babaacb,email,email
6037ffde1f,email,email
08ad407ddc,email,email
ed8a87c580,email,email
bd9d36376f,email,email
296ea062c5,email,email
d3bbdd1bc2,email,email
c26e91ccc2,email,email
6b591ce33f,email,email
26e3991ed5,email,email
422a1ff4fc,email,email
cbbc191509,email,email
de8e786ed8,email,email
94a74add91,email,email
23da77ea8b,email,email
9ae24f5065,email,email
afe324cd1c,email,email
a8a73b151b,email,email
e880d3bcc9,email,email
3cdf0685b0,email,email
f9b9f48cb6,email,email
04414b842e,email,email
796aea1409,email,email
ff2e85d17c,email,email
7b2fb72322,email,email
e21b071f9f,email,email
1804c049f3,email,email
ed3e9bf1f5,email,email
0030ce5fdb,email,email
fd594c372b,email,email
73411dfbab,email,email
1fa8331175,email,email
f655eec2a3,email,email
12fcff6a96,email,email
2fa4e5434a,email,email
6ef32421d0,email,email
686d558207,email,email
5fcc69f3cf,email,email
33b6bd3e33,email,email
2ed475a9f1,email,email
c919bf7394,email,email
a0557e4c5c,email,email
fefa527bd1,email,email
0f8ce19715,email,email
5005b7a6ef,email,email
b9ba89de14,email,email
06bdbc1965,email,email
b1a3403908,email,email
0f41785eb9,email,email
e376b3aa38,email,email
2625d22b59,email,email
56a7371da8,email,email
211a8a07ea,email,email
c8881710dc,email,email
0ab8f9a7c3,email,email
16a2b9a983,email,email
f19c26731d,email,email
fe4f4d74e5,email,email
6d29b361cc,email,email
f1a311de50,email,email
252802e625,email,email
998f126711,email,email
9b2629ec23,email,email
76d9be964c,email,email
3ac4d130e1,email,email
fd124f1c86,email,email
4960858632,email,email
a050b3534b,undef,undef
47fa101c0d,email,email
c57b1cc7ab,email,email
ed9d41ad56,email,email
4ae236b73a,email,email
fa1876fbf0,email,email
906b76d4c6,email,email
598bae6317,email,email
9288846b91,email,email
a5bebf8fb6,email,email
6ffd701ed4,email,email
b71fa37080,email,email
a9ae6ea9dd,email,email
eb8d09152a,email,email
f86f40fd7f,email,email
a2f9b45e24,email,email
ebd4edf087,email,email
fa82a0579f,email,email
027a3dc7f6,email,email
5194ef8154,email,email
3c9be27fe7,email,email
69856f6286,email,email
42c90d5126,email,email
25936b9ec3,email,email
dd346114c7,email,email
0d878cbc09,email,email
4d88fcb28b,email,email
05a47bde4c,email,email
9235296771,email,email
da88bbfe04,email,email
6ce434fb06,email,email
e0074d4da7,email,email
f606eff7ef,email,email
543b624bf2,email,email
b8cede000e,email,email
638e5fbeb6,email,email
9627c64953,email,email
6c3b1e13c0,email,email
46c5282eb5,email,email
d8bf9be41e,email,email
7fba2dd22f,email,email
cf8541a9d5,email,email
b3cf40b7cc,email,email
1951f4edde,email,email
8564ebe6f4,email,email
8682691749,email,email
368245df89,email,email
745c1647e8,email,email
001e1a10ba,email,email
38d7235f1f,email,email
e95def81d0,email,email
43f93b53f5,email,email
c7b6aeede9,email,email
9f385a78e2,email,email
e180dc8983,email,email
fba3e0e55b,email,email
6e0f9b1372,email,email
8fc59f7d2e,email,email
c547753da0,email,email
70d7579ac9,email,email
699f6958c0,email,email
dddc41ce88,email,email
ba003ca134,email,email
cb454bdfdb,email,email
cbb9d1c682,email,email
b744218b69,email,email
deed862479,email,email
4ccf13f54b,email,email
584c1d7097,email,email
fd1109d884,email,email
828351d4f9,email,email
6dfaac0402,email,email
32472ea498,email,email
25eb41a36b,email,email
da547ca56e,email,email
ca2b5aa549,email,email
b215b99e83,email,email
9537cea03d,email,email
d36b785a63,email,email
45dfbff0ec,email,email
fa04a5df01,email,email
e3dbb8120d,email,email
4e3e32f9e8,email,email
d82f4b04ef,email,email
71b9f90b2e,email,email
83b023974e,email,email
af47926d64,email,email
61ad3b0f64,email,email
dae3d2fe40,email,email
cdc97432d8,email,email
bc8f9ce654,email,email
5b13be3535,email,email
007394f015,email,email
6da4dfc58f,email,email
61fc16f704,email,email
08897287d4,email,email
d626c4ac7b,email,email
1b8c1de73c,email,email
c3ae76cc4a,email,email
c602005ed1,email,email
1f6ec8b5e3,email,email
cfadcd2de4,email,email
03b8a6df17,email,email
239bdb2281,email,email
7dfe68f403,email,email
eb79690531,email,email
4aac7925ef,email,email
b1f44346b4,email,email
cdd26fda2a,email,email
81c780bcb0,email,email
a38b9b2649,email,email
45491b69e9,email,email
1f6164ab62,email,email
7a5fb6f7ec,email,email
fb9a91dfe5,email,email
ecaadabd3a,email,email
65e7d3a72e,email,email
27f326bc09,email,email
5fa64b5fc1,email,email
0a7aa97a46,email,email
4592dd6e6d,email,email
0673dc3bd2,email,email
f6c513806d,email,email
d657618d37,email,email
317a754a97,email,email
3a5ef0f237,email,email
89cc786341,email,email
0d7618bcfa,email,email
1d16228e36,email,email
d2527d7334,email,email
bf3a65611d,email,email
013ff751db,email,email
d82b018e1e,email,email
0487edf83e,email,email
08fa3609d7,email,email
e987fb22bf,email,email
e1d2c307f1,email,email
288ccbfbb8,email,email
ab4744a2b1,email,email
89addbbf14,email,email
b0d197dda7,email,email
129bbe87fc,email,email
2f2ccac1e1,email,email
2b7d36a248,email,email
8b0d5be2a5,email,email
37d8066926,email,email
f04b793ae9,email,email
456fa7375e,email,email
17910a309e,email,email
2efa36bf57,email,email
9eddc2553f,email,email
e5a96e3955,undef,undef
084f1fd033,email,email
549d54ea79,email,email
1219de0fcf,email,email
f0281a5436,email,email
4f754b8807,email,email
785a4076cb,email,email
dff403cabd,email,email
8790e01ae4,email,email
2874f4426a,email,email
b21d553aa7,email,email
5e71761408,email,email
8b7676826f,email,email
0040888571,email,email
f4aea99c80,email,email
7bf0fe4c00,email,email
f4004806d6,email,email
9288da1b3a,email,email
63c3886a49,email,email
8e765e3fb9,email,email
1c8472d163,email,email
e9af164950,email,email
9d8dacd06d,email,email
4a487c7ce5,email,email
e80280da42,email,email
5d83d68128,email,email
6f40c38ed7,email,email
088f2fcafc,email,email
b10c6d09ea,email,email
f37642f32a,email,email
c7b1f0c715,email,email
bbcf1c02a7,email,email
67a9d5a708,email,email
2ac76d02ff,email,email
46082c9433,email,email
a01e3c4be5,email,email
ae0249d484,email,email
978c567b02,email,email
d34678a6a8,email,email
286483c768,email,email
41a660526a,email,email
6ad6e1782a,email,email
4bfae9559b,email,email
2f5e6791e1,email,email
3b2c9338d7,email,email
1658b7673a,email,email
e10bc12749,email,email
e3b2a5d29c,email,email
0f76248597,email,email
87a6130265,email,email
a283d5fcd8,email,email
fe1b311dca,email,email
bb17f47c21,email,email
38794a7245,email,email
a6f6c69808,email,email
aa6f52fb0b,email,email
0bcb1d6d0e,email,email
1b81765144,email,email
b295de6395,email,email
dce99dc236,email,email
53d2218b6a,email,email
30fd6e10a8,undef,undef
646dff3e6e,email,email
25f6d37ffb,email,email
86da08443f,email,email
d86657c6f5,email,email
a3914f2bf8,email,email
2a854dd7e4,email,email
ea1f1889fe,email,email
7968d95a8e,email,email
afb29dbd04,email,email
c0fc176674,email,email
c4df158da9,email,email
dfe30a659f,email,email
8b31ee254e,email,email
2f33d788a6,email,email
7e00bf38ad,email,email
1610491a58,email,email
ccd0b12557,email,email
72b699bff0,email,email
b70ae20308,email,email
96d2d4d6bd,email,email
a27369c9fb,email,email
b79b85d71c,email,email
69e664a0f8,email,email
c945a88637,email,email
730776c255,email,email
14cacfb77e,email,email
b7249d07a6,email,email
ac3c1a5043,email,email
9a4f8748ba,email,email
76b2d67b1c,email,email
5b99927829,email,email
88456c4d98,email,email
df05e797a9,email,email
ad4ada4610,email,email
3eeed1cd6d,email,email
ad12af6ae6,email,email
89fa3a26c2,email,email
ff71a7d8c7,email,email
255dfdd21e,email,email
c430a25b08,email,email
2f03db4aa4,email,email
0b9b19a158,email,email
6774608f17,email,email
3537fb6d1d,email,email
d551822ac1,email,email
0f37aac5e3,email,email
4448a3247f,email,email
a2b71b9a2d,email,email
554cce93d2,email,email
8c8416ce22,email,email
b94c91d023,email,email
72e8d6e8a0,undef,undef
455c4f1cce,email,email
cb488bca63,email,email
13c165ecdf,email,email
43d1af3ab2,email,email
d1ed8a3fe7,email,email
4d15dcea17,email,email
d50280f897,email,email
f6f356ad49,email,email
68faccdca7,email,email
c6ffc9867f,email,email
bdd521265d,email,email
335e89e776,email,email
0170b80d1f,email,email
c296635903,email,email
eaa226f7be,email,email
df5c0095a6,email,email
ebb28a25b4,email,email
77334349c5,email,email
eb985cfdb5,email,email
5a5f541ca4,email,email
53aabf6dc3,email,email
7b79b784ef,email,email
fd1b58cf20,email,email
0617204cbc,email,email
65d44a5321,email,email
3f401ee980,email,email
4f1efcdaea,email,email
1afe6cc07e,email,email
b3a9213d1d,email,email
7d84d9535d,email,email
73dfa6d8b2,email,email
2521f135c2,email,email
c598659c81,email,email
47d0e62889,email,email
1541e607bd,email,email
606708e869,email,email
f804bd67be,email,email
1599294e27,email,email
ff2b44b43f,email,email
0de8b4cae2,email,email
cfe8c1360b,email,email
8eb998cb28,email,email
5ed354bc7d,email,email
cbeb35b3e5,email,email
1f40678181,email,email
14853e49a4,email,email
8aeba9d42a,email,email
31a86f4847,email,email
819feb11fc,email,email
9ed719fea0,email,email
6d4be355f8,email,email
14eb25b6e4,email,email
dfc92fe108,email,email
b24c2a52b7,email,email
2ecac97248,email,email
8694def43b,email,email
02b6b0f57a,email,email
bc893f4b5c,email,email
dc69499228,email,email
d095add56b,email,email
b46c3793ab,email,email
f967b3d070,email,email
268b1fa6e6,email,email
6c9a3a0afb,email,email
ee186c8850,email,email
74cc83f885,email,email
54339202bf,email,email
c7eab90eb9,email,email
451878131a,email,email
4c8da614db,email,email
3d41f7cbba,email,email
980318070b,email,email
700f45f76a,email,email
25748df3b4,email,email
8fc964f072,email,email
f32483ba94,email,email
bc7f98e47d,email,email
24a0ee84d1,undef,undef
34c34b0e28,email,email
9e0332f289,email,email
01dc97bc9e,email,email
97c666ebbb,email,email
acca943f0f,email,email
41db1a1b3c,email,email
716ca7a83d,email,email
04aff171ba,email,email
366934b325,email,email
de9b9d5586,email,email
f7ab13cd67,email,email
830b3b8cdb,email,email
ad5a4c2f0a,email,email
661aeaf4f7,email,email
94330a5ab3,email,email
2865c01bde,email,email
ea0dacc7db,email,email
41a87427ba,email,email
9751db27c1,email,email
560f1d4ae3,email,email
a9ca119114,email,email
75124dc01a,email,email
22bfd8f0c6,email,email
69dbe4c416,email,email
af5811766d,email,email
310255fcbe,email,email
acbae9d88f,email,email
c754413714,email,email
cef7ee74ec,email,email
e9839264bf,email,email
ce04528e39,email,email
1c38aa83f4,email,email
a7b602b46a,email,email
2eb0c380f6,email,email
4d8518bb70,email,email
05f847822d,email,email
fd33ace75a,email,email
f60a2d203b,email,email
ab54a0f986,email,email
015bfb56cb,email,email
9bdea06753,email,email
4efbdeb216,email,email
d0e0e8016b,email,email
d8a9a364eb,email,email
494211acfd,email,email
b9e9836224,email,email
453d69e406,email,email
e018f103e4,email,email
e7e182063f,email,email
a739c3b362,email,email
da752a3d38,email,email
ed77f428c1,email,email
e0e216f15e,undef,undef
7a3a87a1e0,email,email
0db158b300,email,email
cb287af94e,email,email
3bfb1e3d21,email,email
f98d5c7041,email,email
165ede3650,email,email
8b387be264,email,email
6be069dc3c,email,email
b7548fcdee,email,email
3b2aa2f66e,email,email
09e480d6d2,email,email
67cbf20725,email,email
6de5e13507,email,email
df101175ac,email,email
b057801c2b,email,email
9dc510b6d9,email,email
37a668a07a,email,email
ab6dfaebe4,email,email
566145abbe,email,email
af652528c0,email,email
fa8abb3eb6,email,email
ba99ae90f8,email,email
b164b03a90,email,email
13f1e807f0,email,email
ea2f03056d,email,email
20fdd98b38,email,email
fb70ac25de,email,email
e705eb35f1,email,email
027e2326bc,email,email
8ed11ce790,email,email
4c630d0060,email,email
82e84b3ba2,email,email
59e00f0aa0,email,email
d0d68c2431,email,email
8ab143de35,email,email
954c761b63,email,email
ed424d06d2,email,email
c0af4f4af7,email,email
ee3654ab27,email,email
909a5e8e6b,email,email
cc13f3900a,email,email
d16e22c14b,email,email
0ca708c2c6,email,email
0e668cf241,email,email
47377a6fc4,email,email
dd4647e4b0,email,email
90d6edaca1,email,email
b42fd79733,email,email
5b1c6bc8a2,email,email
f6788fd5c7,email,email
b1204876a7,email,email
5b17e41140,email,email
6c83b8b7e6,email,email
84676b89e4,email,email
e17c1c25f8,email,email
0e9d3038f2,email,email
4626372fc8,email,email
2b0ce67bb8,email,email
dafdfb8925,email,email
b21ff808b5,email,email
1c4e6b5f0d,email,email
c1faae81b5,email,email
4bc169d8a1,email,email
3f58f43190,email,email
8d5fa62963,email,email
f8e56333c2,email,email
2aec6b42cd,email,email
7d6af498c6,email,email
28363e6b76,email,email
d4841afc70,email,email
1603ab0519,email,email
1d5e59fd9a,email,email
53230bde4c,email,email
5dd86b6b08,email,email
41e71cf86b,email,email
a87b55e871,email,email
4243986574,email,email
701afc073f,email,email
e0c5e24313,email,email
2cb75e9342,email,email
d89596a8e1,email,email
426ad0349f,email,email
cae3753096,email,email
6b3f714e16,email,email
bc2cc58579,email,email
560e0b9b0f,email,email
c2331c28b7,email,email
bdd265b907,email,email
d184bc40ca,email,email
5afd4f3674,email,email
058aa32158,email,email
054404f58a,email,email
af0e1d93f3,email,email
ad6ecbb514,email,email
ce54476df7,email,email
aa014b533e,email,email
c20281e200,email,email
f2aa195247,email,email
6161842651,email,email
1f2063c73e,email,email
abd2d669d2,email,email
2693da83c4,email,email
dc14597efa,email,email
e67c8d1806,email,email
f65db9b7e6,email,email
b0d6c073a0,email,email
f32d1ea47e,email,email
a8ee1c0c17,email,email
7566749cd5,email,email
e9a2f5c92d,email,email
87d1feb985,email,email
5163e42cf7,email,email
ece8382f64,email,email
16f96ee7fd,email,email
37b12d5fad,email,email
0713af5ef5,email,email
df6716dc6b,email,email
914dc28a35,email,email
fd8046026b,email,email
4794baac15,undef,undef
7a8c12e677,email,email
e42cdfc1e0,email,email
725b3b58ba,email,email
6ffaef578f,email,email
fe503522fa,email,email
e7e07b53b8,email,email
8a0ae0777b,email,email
4325d5d70a,email,email
9660bd4253,email,email
4676e39cbd,email,email
cbdfea3877,email,email
c53c7596ff,email,email
92f6a7c0d7,email,email
8c5d1fa166,email,email
12d27c38b4,email,email
d0509cb629,email,email
157ce119de,email,email
486d095efb,undef,undef
88a344e603,email,email
a4a49b6e83,email,email
02df1b34ce,email,email
ab1dc601d2,email,email
725cfacf8c,email,email
d392f06dad,email,email
178c92bd58,email,email
56d3da821e,email,email
01c7226470,email,email
59816197b0,email,email
24f3ada694,email,email
591d9d954a,email,email
585b47a8bd,email,email
7d7d537a54,email,email
53a3e1e32f,email,email
12e7860f88,email,email
3e4ae638e8,email,email
7beac82b5a,email,email
fa6aba0d2b,email,email
f35d7870d6,email,email
a752cd0dcc,email,email
254a216e1a,email,email
a02945ca1b,email,email
e8f9b358b4,email,email
e979a0f081,email,email
dad41721ba,email,email
7caf899f2a,undef,undef
3c89e6e62e,email,email
9a8dd28a3e,email,email
14df44dd20,email,email
fcae5bc002,email,email
a23a6f2831,email,email
e090c985aa,email,email
8c31b6e81e,email,email
eda5e126da,email,email
6f0d6531bc,email,email
e01b64d948,email,email
50871c6153,email,email
486c8055f7,email,email
74903770f4,email,email
23b2888841,email,email
fb4363f240,email,email
fedfe6990d,email,email
4129ab6fd4,email,email
6c89bb71b3,email,email
1e0921b998,email,email
322b182159,email,email
a6d011094a,email,email
d68ee6cd9c,email,email
840123cac7,email,email
b36e86e3ec,email,email
6685209a7c,email,email
1f65f765c5,email,email
9ad4a41154,email,email
b7efb28a1e,email,email
dc74be08c4,email,email
e430570e8a,email,email
1f371f1c31,email,email
0278163b35,email,email
50bca1593a,email,email
7cf6ead0e2,email,email
2c2604e8af,email,email
ae1c8986bc,email,email
468edc8bd5,email,email
e7845e69b7,email,email
d5d6bf355a,email,email
c132ae14fb,email,email
69092cae46,email,email
51dbe765e1,email,email
964476e66a,email,email
e98fb7893d,email,email
df922e0e46,email,email
32675d2a44,email,email
7a08f134cd,email,email
b5a5a84754,email,email
500bcdaa23,email,email
34052dad74,email,email
b81f8d4551,email,email
28919019c9,email,email
12c5cda688,email,email
946bae1fc2,email,email
22e67a969d,email,email
b5292e41d5,undef,undef
a321da2607,email,email
4cec2fd5cf,email,email
7972f10813,email,email
f6e636d6e0,email,email
4a794b0f4e,email,email
dd4647e4b0,email,email
8a36f1c188,email,email
278f9ccb12,email,email
234d404e01,email,email
779bf70a52,email,email
2ca801d610,email,email
072afe4554,email,email
70ccd0a4b0,email,email
40cc899a58,email,email
04b5294bfb,email,email
a566635189,email,email
465872961d,email,email
af56d3ae41,email,email
65077d31dd,email,email
93df6d49ea,email,email
7870208ba6,email,email
44c251526f,email,email
d550f69283,email,email
1eab75e66c,email,email
5df45563bb,email,email
1f6ec8b5e3,email,email
85c47a4ec1,email,email
d88dd3d52a,email,email
ee6ea4e25c,email,email
c576deb64c,email,email
1f7918c40f,email,email
b3784f5a40,email,email
3492fb1825,email,email
4e72d2c5fb,email,email
1e75a9395e,email,email
69db93a4b5,undef,undef
66faa77539,email,email
6105df0599,email,email
fb7812a242,email,email
444fada9b3,email,email
76026e2c82,email,email
e1f58f57de,email,email
6845419dd0,email,email
80df5fc122,email,email
77d64e6a27,email,email
821cca34e4,email,email
ae5805fc4a,email,email
0d1bddeb6c,email,email
978dc4653f,email,email
546dccf8d8,email,email
2406a2ea50,email,email
db613c7f88,email,email
6aef230182,email,email
8808f29369,email,email
dcc0575ebd,email,email
8efcd85088,email,email
578ffadc73,email,email
920a57fcc8,email,email
1b32f1f06f,email,email
e0ca6e1efd,email,email
79dca5a32a,email,email
af24f1468a,email,email
1f8bdde4ca,email,email
4c64509cc1,email,email
6e8fab4491,email,email
89230df3a8,email,email
0c5bc72737,email,email
8a12f0e7b3,email,email
0af692dd0a,email,email
5b8c05f4d0,email,email
a160499809,email,email
9801128950,email,email
691b03078f,email,email
41dadb568e,email,email
eeb5b6d3b9,email,email
eb878b6079,email,email
cae15384b4,email,email
98db290bc5,email,email
1fb97b5191,email,email
7c86aa9392,email,email
e1d588b211,email,email
ccb32bb55c,email,email
2d3d320b09,email,email
9e1bd7bdc0,email,email
91fc74227f,email,email
cbfb0dd591,email,email
6634e924f0,email,email
6ec30c04f0,email,email
93ea7e4d82,email,email
3b80bea3c6,email,email
b4f3fe2da8,email,email
344e42bee8,email,email
8c99fbf7a8,email,email
d8683a5ead,email,email
c3aa00e3da,email,email
cac409d4f9,email,email
d752966fe3,email,email
ab3bd1fa0e,email,email
eeafac5e9b,email,email
8fb60f1705,email,email
78ab54b4bf,email,email
254a7f3371,email,email
29deb4147c,email,email
c157557298,email,email
fff8f07ec4,email,email
7355f0a9fb,email,email
2ada297348,email,email
24ab100ad9,email,email
ae09fe7dea,email,email
9c7cd91f71,email,email
214b7bdead,email,email
9b34426685,email,email
3f857c8029,email,email
f4a9952f9e,email,email
5d05ff0ced,email,email
778971ae76,email,email
c6de947af8,email,email
46f74f0f51,email,email
c7e9236fd5,email,email
6d6f761757,email,email
ccd9fcbd16,email,email
cf6b71a6eb,email,email
5861fc21db,email,email
bebf3df5cd,undef,undef
06d7d611a5,email,email
53ae1987ec,email,email
78bf8cd6ae,email,email
9e1c50cee4,email,email
c90365b4a0,email,email
1713ad1599,email,email
a8da4b961c,email,email
6395724f31,email,email
3839491593,email,email
6ed9cfbf15,email,email
2b9976c783,email,email
d84b40e510,email,email
63cfe6da56,email,email
194ac04127,email,email
884e5bca39,email,email
7a73eb0f01,email,email
fd1313677f,email,email
033c6f2164,email,email
2de8bb9696,email,email
dfa5bd3680,email,email
3f21833e9e,email,email
7bb3656b6f,email,email
6635dcb5c4,email,email
711ade8ad1,email,email
bd91c06ac8,undef,undef
820ee5d7cd,email,email
63322e642e,email,email
1f1945847c,email,email
6d735523bd,email,email
3280d1c92a,email,email
849d73216d,email,email
a320160442,email,email
2b0f33e82e,email,email
81bc97e71b,email,email
d6a0a3e622,email,email
9eca131134,email,email
6b7f222077,email,email
849a5d3506,email,email
4a6cde3871,email,email
5d25721db0,email,email
636d9025ec,email,email
68950ee5fa,email,email
b5ef0e21f7,email,email
25b4a9d024,email,email
a457589388,email,email
452bbb397d,email,email
1f50f2e7b0,email,email
09b96c2840,email,email
16b152ac7a,email,email
8d11cecf67,email,email
8fa2bbe3bf,email,email
32b8b4d26a,email,email
6fc5517539,email,email
527b75413d,email,email
6d24514329,email,email
b69e91b62a,email,email
54d938b541,email,email
b3df7cd1f5,email,email
5c86c4f798,email,email
ba6920b6e5,email,email
276d1e71d5,email,email
5b99f6b580,email,email
38aca6400a,email,email
9f1af40b83,email,email
b2f57fb0ce,email,email
282234cf1e,email,email
efe1016fe7,email,email
779eba4070,email,email
791570ce99,email,email
900d0bf0b1,email,email
1a8a5cff7e,email,email
9266dafd32,email,email
2973093178,email,email
f8531f633e,email,email
5d4d966ebc,email,email
92c0ef458e,email,email
5bac0647fd,email,email
f699b66b1d,email,email
7f8f1c440f,email,email
470b7f9300,email,email
c1805eb392,email,email
ae9c8f9e83,email,email
d16d2e5ec2,email,email
89343e069f,email,email
97857558d2,email,email
bb162448ef,email,email
23f5728fe0,email,email
f85999b4eb,undef,undef
770c0ff79c,email,email
80dad2a7f4,email,email
070678769e,email,email
20e94fcc4c,email,email
dfc5f472e9,email,email
91fa92baf2,email,email
34d7a607ea,email,email
b6a706c1c8,email,email
3b89a6bf67,email,email
95bdb90ac2,email,email
48324dbfc3,email,email
d8e688e4ac,email,email
e9767f501a,email,email
19e1fc2efc,email,email
4d8cf0b8a4,email,email
a32c3e0c8a,email,email
d791a6bc1b,email,email
8a71d30313,email,email
b328dc618e,email,email
386f83fbb3,email,email
8e31f39a0e,email,email
cdbc4aceb9,email,email
2de7093e63,email,email
98034739ad,email,email
4450540dbe,email,email
eb58593c57,email,email
9c7e0cab84,email,email
d03f1f3624,email,email
1e3fe81761,email,email
3af72b26aa,email,email
c6739e20b1,email,email
b5c934e64c,email,email
42f0f4000e,email,email
9129fd14ac,email,email
d8ad05a405,email,email
4ea85c8c86,email,email
9497924e8c,email,email
6e2382b392,email,email
9a1ee28b03,email,email
d3ac0c7cfc,email,email
d70232346c,email,email
bfaece555f,email,email
de935e80c3,email,email
215a59f3a9,email,email
b3a410b7ac,email,email
28c9c67662,email,email
e1be815f05,email,email
ae8b57fbda,email,email
599614cbf0,email,email
4680edae32,email,email
f1924e33ef,email,email
1b426b1652,email,email
eaa14133e6,email,email
94ef679e0f,email,email
ee151df117,email,email
9925fa95bb,email,email
e6662112ee,email,email
e8be4dfa4d,email,email
755a739b81,email,email
8ad70b7277,email,email
69d328ba60,email,email
8d63cea940,email,email
0e52d7a5ed,email,email
1fb39cc22e,email,email
8c6c444d4d,email,email
25b3a1ac6c,email,email
7b6147d9dd,email,email
7c4db4f524,email,email
4572a0e688,email,email
9c2040f454,email,email
00ead0beae,email,email
9f90129b49,email,email
348005eab7,email,email
6bbfbb9bf8,email,email
a144262155,email,email
8f43cb5da9,email,email
6dd2cedf88,email,email
87deb861c7,email,email
113d7286c0,email,email
646d2416f2,email,email
65942784c0,email,email
d20800b962,email,email
202c2bfa6a,email,email
ebd4537f5f,email,email
fb2a746e54,email,email
3adc805003,email,email
2d346dbb72,email,email
4b19653d13,email,email
7d5760b905,email,email
13b867c864,email,email
ca0dc45567,email,email
78c113391a,email,email
d5b343105f,email,email
19de22e1a2,email,email
9b6ba0c1c4,email,email
6634e18de0,email,email
963f17311c,email,email
5550e09b32,email,email
8b2d7cb874,email,email
81725239c8,email,email
5bedf97499,email,email
e374323b87,email,email
70d13aca56,email,email
92ab0d4160,email,email
7e362efb6f,email,email
bdb552a414,email,email
5545e3fcaa,email,email
74d3e31072,email,email
675ab5bf46,email,email
f484b9d64b,undef,undef
b728b6b968,email,email
40efd37b27,email,email
8ff7680e4d,email,email
eefe18d1c7,email,email
d96dcd2a19,email,email
d94626c5bd,email,email
de2aa41b22,email,email
c8f5ef9fef,email,email
d237f7c831,email,email
466769bf4e,email,email
502d4a6938,email,email
1033df95f0,email,email
c15db2398d,email,email
c3c49ca889,email,email
ff1074cb13,email,email
605f5f9b5e,email,email
b13371ed47,email,email
53c4b59d0c,email,email
fbd2ec91fc,email,email
1ecd6bf9d2,email,email
ace057a1e7,email,email
e5474350d9,email,email
d042b45407,email,email
d941e57373,email,email
e5b5b5bec3,email,email
d358aeb162,undef,undef
fb7e8a4a0e,email,email
b6776663c4,email,email
9220281c58,email,email
354a2a656a,email,email
db907c249a,email,email
ae78f57913,email,email
9c98deeb7c,email,email
cea58cff86,undef,undef
5dc58de061,email,email
572cfcfb1b,email,email
ca9b32e5ea,email,email
0abadcb389,email,email
e1abb35386,email,email
720a004bad,email,email
46a3046b24,email,email
79e4a7d305,email,email
b378bf3725,email,email
2281f91a18,email,email
b44ded9950,email,email
53580300eb,email,email
a8b01f422e,email,email
3ea4dc5be6,email,email
4619f5bf82,email,email
d32c29504b,email,email
2228223cf3,email,email
bee3c89a8d,email,email
bdb51538a0,email,email
809c75f096,email,email
9e4ae24ee2,email,email
cf332880a6,email,email
327911362a,email,email
7a131938a9,email,email
c1f1bc726f,email,email
7f7fdfafa6,email,email
2ab6682df8,email,email
031099f100,email,email
0e38b51eb2,email,email
f5bb43d91a,email,email
a5ce6d7ef7,email,email
4e2d22f435,email,email
5f5a6819b5,email,email
90b4c4b589,email,email
eef4061cba,email,email
9f89a49903,email,email
d7ba089f59,email,email
5762e6adc0,email,email
6b3504ad83,email,email
8aca0665d2,email,email
0919a3a67a,email,email
eb0d30463f,email,email
c1f9bc1887,email,email
805345c60d,email,email
26d4f45aba,email,email
e661cc00da,email,email
ffafd42378,email,email
62ff12deb5,email,email
8021a636ce,email,email
c5dbab881f,email,email
6e3afc0e33,email,email
63f20fe1fe,email,email
d4ed294dab,email,email
0d2e97bf70,email,email
f5e6e98186,email,email
3477a5c8ee,email,email
550a872473,email,email
f807ab7448,email,email
1de28e0f6d,email,email
147f98d272,email,email
b690605c85,email,email
3e9b442c1a,email,email
05ff67045d,email,email
2ea212afb9,email,email
1f11a7b4f4,email,email
8fc8c0dc78,email,email
57464db5e5,email,email
61cb11bd33,email,email
6647800507,email,email
326fbf791b,email,email
9def59a6ca,email,email
e88bb0ec6a,email,email
88ed4e5c1a,email,email
2c723b27a1,email,email
78e721897f,email,email
233af8ec03,email,email
420a5984f8,email,email
aa50ef87a8,email,email
10ca5b9e4e,email,email
e5cd08cb41,email,email
e4ae1f3336,email,email
2d481d4662,email,email
d9a2682696,email,email
c96c6eb2bc,email,email
2f1cad3c79,email,email
530f6b5c62,email,email
7c4bb46bd9,email,email
74c159b0f4,email,email
62a9f01437,email,email
6710a5ee6e,email,email
e58b133dd1,email,email
c3ce0fa3fa,email,email
bfc88ce0be,email,email
144fe10d47,email,email
ff9c5877de,email,email
9fdb4873bb,email,email
700df84333,email,email
3f7c669c5d,email,email
045f2f6868,email,email
a1f7822f30,email,email
389cd50738,email,email
b3c2935c33,email,email
097e945490,email,email
c8d45af913,email,email
26e6cc290c,email,email
f8eae7b92f,email,email
a60690b86c,email,email
df2de5719a,email,email
2b5df797b9,email,email
8bfb3b23ef,email,email
0e7b53a287,email,email
6086762950,email,email
5a66fa6d7b,email,email
99bc47498e,email,email
23d0d05758,email,email
ee1295c873,email,email
8ac1d5c5da,email,email
c3c419d401,email,email
e47632f839,email,email
d39605cc5b,email,email
1ad90d8508,email,email
345d571f6e,email,email
8566e324ee,email,email
72b208f1fa,email,email
20175af7c3,email,email
49e6b0d1c7,email,email
e220025e1b,email,email
815d8dcfd9,email,email
c72d14f297,email,email
5b7379f4a4,email,email
afe6a5bc46,email,email
e78971752d,email,email
40cf7e8351,email,email
11280e2d00,email,email
bb376788ca,email,email
eb13c9fb5e,email,email
d8fb4e9620,email,email
227fc00d7f,email,email
ea53361def,email,email
268e2e6d51,email,email
f6ad2dcfa0,email,email
6fa6c0cedd,email,email
b0a5a3389c,email,email
5f718bf9d8,email,email
794b654781,email,email
67e04fda73,email,email
f01c26169e,email,email
dcafda1179,email,email
752d0d20c8,email,email
575d59649f,email,email
75dceda144,email,email
60e27fc112,email,email
1be2ee7a38,email,email
dd2daeede7,email,email
075e7e87a1,email,email
e389959595,email,email
7ae6e1eb29,email,email
d761e03d0b,email,email
a40019dc93,email,email
8fc8c7fa41,email,email
723f4f3d01,email,email
63be25845d,email,email
d9fdbf8413,email,email
3bb3ba9161,email,email
ba0ec1434f,email,email
60455ab0a9,email,email
e785b0f542,email,email
e6f0dd680c,undef,undef
5a887d7af8,email,email
8df455f36a,email,email
3c7bd6d4b8,email,email
07a1d2dcca,email,email
dcc31bcd1e,email,email
e8a19c6941,email,email
40910964c2,email,email
a3cb5121c3,email,email
52b9fe10e1,email,email
0ee32ee850,email,email
275d9f9865,email,email
3af52f8267,email,email
d31a90ef93,email,email
fbdd768c79,email,email
fd683d9a8d,email,email
544f3af69c,email,email
f674cf1a99,email,email
035e8be402,email,email
5779bb7e10,email,email
654fd27825,email,email
4223b127ec,email,email
2c9b4d9b8d,email,email
24c9b16c9c,email,email
bd65e6ef69,email,email
ee53febda3,email,email
801c3c3013,email,email
e60e7cb6b7,email,email
78ce79e159,email,email
1d50ff2e00,email,email
1ae8994a39,email,email
a8760e44c5,email,email
a54a44f341,email,email
f5060742c9,email,email
a3984388f2,email,email
14b1725a19,email,email
c525f05028,email,email
cc87b72011,email,email
4825c2d7b3,email,email
4cb54b0afc,email,email
e021b09802,email,email
ed2ee83655,email,email
abe90ca847,email,email
962e8200f0,email,email
baedd76390,email,email
39aaad4697,email,email
22e415bf53,email,email
0b28256afb,email,email
968898c27d,email,email
2cb4a6bd50,email,email
b56e3a2e01,undef,undef
c7b59cc370,email,email
599410fb36,email,email
afbaa355a1,email,email
e7ed3d7b2d,email,email
e52453067f,email,email
e6315ce83b,email,email
f407638eb3,email,email
654bba240e,email,email
24aded5a25,email,email
3499a66d3a,email,email
5535e4f84c,email,email
b885570321,email,email
3a24f673a5,email,email
a8770946c0,email,email
de2207e75c,email,email
12508253e0,email,email
e12b49f26f,email,email
a7f30ccb09,email,email
28c8eab27e,email,email
07ecbc8d97,email,email
de4c0c6485,email,email
1135a43adf,email,email
0a5ea5471b,email,email
9a10cf0a64,email,email
234778cd0a,email,email
ed45a24b3f,email,email
541a351718,email,email
6ee0bae0f3,email,email
0229701304,email,email
2a4b6cb887,email,email
2a189746a1,email,email
8f95b87a4d,email,email
8d5289234d,email,email
5b97bf2ba4,email,email
bbcf1c02a7,email,email
ebd9378a2a,email,email
354357648e,email,email
55c509bbc4,email,email
04820aec09,email,email
d1cc044646,email,email
5554dec6f7,email,email
a5ddbc0ef9,undef,undef
b8744d4a50,email,email
42e8545709,email,email
1b2ae20c2f,email,email
18863a0e21,email,email
0c98f24921,email,email
4ad5001451,email,email
71ca9e0491,email,email
4d54c9882d,email,email
374af1f611,email,email
fb286f7d22,email,email
75f6408c3d,email,email
6ce434fb06,email,email
32d648b8d2,email,email
edb1b76a28,email,email
53d06f0fa3,email,email
2ca7f558a5,email,email
203bb1a0e9,email,email
8183284984,email,email
9d49c97d91,email,email
cd5a0ce7e9,email,email
af6788aaf4,email,email
f96792a48f,email,email
d5ca28a449,email,email
7bc33f5e31,email,email
05449d525b,email,email
a879221758,email,email
2b6c795c28,email,email
cbf96d9728,email,email
3f4b1f96a2,email,email
2095dfb360,email,email
b382c91919,email,email
c202892d90,email,email
db2dd7567d,email,email
b963f8be63,email,email
585d7a21d9,email,email
496e6db530,email,email
dff7f4fbfc,email,email
6454c93e9d,email,email
bddb6b8b32,email,email
c71ed375aa,email,email
c9d038d672,email,email
54a82d0d2c,email,email
5e9cd61533,email,email
fe58d2a581,email,email
c895c56350,email,email
c87b5dfbc4,email,email
9d471406d9,email,email
2bf0b36b64,email,email
398413326c,undef,undef
d5805be290,email,email
1d29dd6170,email,email
8f54f55c31,undef,undef
61319dddb7,email,email
d2286a93bd,email,email
aa4e736617,email,email
36b353c6aa,email,email
5456bdbaf6,email,email
7e2f62c224,email,email
d8c14aac95,email,email
be6a0e3402,email,email
a76b2a8197,email,email
18e50eba5b,email,email
9803be9c8a,email,email
90ed0d70d3,email,email
99f0ba590a,email,email
26e7a9e336,email,email
f321fb7265,email,email
14b69debd5,email,email
26a65117de,email,email
8a840def32,email,email
dad8516eb9,email,email
3abcd0900e,email,email
fc05cc7911,email,email
03c27ddc66,email,email
377e9605f7,email,email
e999e35085,email,email
aaf17ed4a0,email,email
cfe2cf6036,email,email
d4e9df3ec1,email,email
69dfebf0ef,email,email
b056d95538,email,email
9238d0a586,email,email
637aa1fde2,email,email
0f570672c8,email,email
32d6868ec6,email,email
13b569292d,email,email
8f1f0aa279,email,email
9d71744ef9,email,email
a50ed592e0,email,email
190b49a5c9,email,email
956d9acebd,email,email
b5f689a455,email,email
abdc97e8bb,email,email
2a4170cbf9,email,email
afcee81b76,email,email
8a5c323122,email,email
f58ed86366,email,email
eb47f3f6f0,email,email
7c9b0c0b58,email,email
a30cd6bcff,email,email
973ae25b6b,email,email
0cf2c9ddc4,email,email
1a944f2aeb,email,email
a312ead9b3,email,email
6860fbe9d3,email,email
8b5adf2b3e,email,email
f759c4cda4,email,email
c4a784613a,email,email
dfac308a7f,email,email
ff7abe936b,email,email
aa92236f88,email,email
cc9f3c0ffa,email,email
e5b2b85314,email,email
1d955a4d90,email,email
6a8f1aeab1,email,email
87d6ac65b7,email,email
d292a58cd1,email,email
95e5c0467a,email,email
1aed6765bc,email,email
02eac764cc,email,email
9dc13c1f34,email,email
a55d8a2328,email,email
3672569c3f,email,email
4c57bff366,email,email
d3ee9abee2,email,email
4323da4501,email,email
13fc1fbeb1,email,email
38d12c2a8b,email,email
e6291b1e3c,undef,undef
8fe9a7c33b,email,email
30c83e4071,email,email
c5cd3a64a4,email,email
945b0d2f56,email,email
25202ef3eb,email,email
12c79db852,email,email
0af1a07709,email,email
1509733aa4,email,email
4f950296cd,email,email
a7828a5115,email,email
b0934489fc,email,email
ea5a695d93,email,email
8d9b8d7301,email,email
71e54e4650,email,email
4cfb6c59ad,email,email
764731dd6c,email,email
4df80cb282,email,email
9ef6b33d9d,email,email
e062b53634,email,email
9c6260e721,email,email
caab1f0591,email,email
4ba14e654b,email,email
c9e919e0a8,email,email
a72f9e5b5a,email,email
aace0f8676,email,email
ed19e1c0b2,email,email
c827567f95,email,email
3227a8a86f,email,email
e87895d45b,email,email
697c8a27d9,email,email
7e62b0acc0,email,email
64612b4443,email,email
859b78cd4a,email,email
882ebf0838,email,email
5810ea1fa7,email,email
e4afa9e2e2,email,email
2abd77262c,email,email
6f86084987,email,email
f737dbfa6e,email,email
cbe8d042c3,undef,undef
216adda7d2,email,email
98ded80597,email,email
12c0f73129,email,email
2835879bb0,email,email
a5845a033b,email,email
148b220f78,email,email
552f99df82,email,email
1368eceefa,email,email
e936be0a9d,email,email
dd3dfc31f3,email,email
aee6d73173,email,email
3f6175a7f4,email,email
17c2be9d7d,email,email
1fbb6b2e3e,email,email
7c2137347d,email,email
0e11b33e51,email,email
ea824c60dd,email,email
2a0e436701,email,email
a6ccf31a01,email,email
dbb85b0fda,email,email
3286f292b7,email,email
c7e41a86e1,email,email
8128f2bf66,email,email
a154f37613,email,email
479f9391d9,email,email
2508f8a8bd,email,email
7098d8d4b5,email,email
44be38c946,email,email
cae7c19ff0,email,email
4da56a3bed,email,email
daa193308c,email,email
c874ff31df,email,email
b046eff658,email,email
6613e2797d,email,email
8a5aa12b3e,email,email
9dc41532a7,email,email
147420af90,email,email
454c308dde,email,email
8a9b4fa143,email,email
4a76112a3f,email,email
4f58297976,email,email
43a825c619,email,email
b5d09e7a53,email,email
e93c3b99a6,email,email
74057d8d39,email,email
d49a1a6717,email,email
fcdcf15bf0,email,email
4eafec3652,email,email
21a681ae71,email,email
3ef16b9e45,email,email
fba9faf894,email,email
f6d80dee4e,email,email
a8d4d673db,email,email
422855bf99,email,email
02e8b43a41,email,email
f35289eff4,email,email
420d09cb05,email,email
7895fd3c99,email,email
c1ca4ea684,email,email
9d8977c939,email,email
baa8562066,email,email
0ddc1c84f0,email,email
aa97a15cbb,email,email
e481acee4c,email,email
c521037414,email,email
946cc40dda,undef,undef
21a6e4ec94,email,email
ad7f95e797,email,email
4f554dba52,email,email
9e3b49a0bd,email,email
e4713ab417,email,email
b269cd9f62,email,email
88eabc8489,email,email
aaf0ad9b20,email,email
40132415e1,email,email
40c9141a46,email,email
bbeddb4644,email,email
7f40e34f4a,email,email
e5e385583e,email,email
c17f139363,email,email
aa9cae7bc5,email,email
8ad37be86d,email,email
198b209204,email,email
fc96028844,email,email
b5da870218,email,email
603adab0bb,email,email
4efbb5f500,email,email
80a2a85684,email,email
4a307325ba,email,email
0e6dad9a07,email,email
29519b8330,email,email
6b9c135fc0,email,email
0b0aac04c3,email,email
6a314bad55,email,email
abdec99a63,email,email
706186c03f,email,email
3692102f02,email,email
f754e3e9b9,email,email
aa2c3786e1,email,email
830d1af68e,email,email
56381ee0ee,email,email
f1b9c9a9ee,email,email
d4e017fe38,email,email
dbe299f632,email,email
ac910f04e9,email,email
78b23c7250,email,email
87be2e0b97,email,email
e00f3bf993,email,email
e5edd476ba,email,email
e4a5362fad,email,email
ad5a6ff694,email,email
ad3db39782,email,email
8286e76ff4,email,email
a547399d47,email,email
5e61ae4520,email,email
4e0907dac5,email,email
1fc426d303,email,email
6dd52c5708,email,email
69b56c9460,email,email
e6250af344,email,email
e1d26d4ca3,email,email
2d386da4b7,email,email
a348549f32,email,email
782197ea66,email,email
a072c8c1d3,email,email
d13246a2ea,email,email
7133d70bc3,email,email
cafd502478,email,email
1dcf4ee209,email,email
6bcd2fc390,email,email
458fb69491,email,email
59708d1e54,email,email
37aba0a50d,email,email
fbe4d9d4df,email,email
19ce7355e5,email,email
95bca8475c,email,email
f7b0e8f95a,email,email
75b8259b5c,email,email
952b3bb96d,email,email
2d6e275a3d,email,email
0ced2fb4da,email,email
2df91f3991,email,email
53247f02ac,email,email
6345effe26,email,email
7ccdf9beb7,email,email
0e21904b60,email,email
151dc187f0,email,email
0ffcd3eb70,email,email
6b23aed23d,email,email
95495968e0,email,email
745925f310,email,email
cf941b2974,email,email
0fdccc3929,email,email
2e10bdfdb1,email,email
cb7d5dba88,email,email
e731a061d2,email,email
62a310eea8,email,email
93a2e5537a,email,email
c3538152bd,email,email
60cadab0aa,email,email
cce062444e,email,email
678ab3f251,email,email
ce299d2bb2,email,email
e3a331d28d,email,email
756048ab61,email,email
9f774aff4e,email,email
57c771ea09,email,email
c278135573,email,email
4df21ac18a,email,email
c9eb530dfe,email,email
ce15644072,email,email
fd543bdbe9,email,email
8f93c8d930,email,email
79dad82c79,email,email
0761ae0b4c,email,email
051d690391,email,email
4670c168bb,email,email
aa90a66dc3,email,email
0f951bf4e3,email,email
f03fcb7b57,email,email
948cafc142,email,email
ffa674ceb9,email,email
e26aa59cb8,email,email
33ae984d8a,email,email
faa74af94e,email,email
76b4a5cde2,email,email
98c9054ca3,email,email
768b010459,email,email
1c69707514,email,email
51972c614d,email,email
625f7acc94,email,email
ec7179ebd9,email,email
3f9dad984c,email,email
430ea494aa,email,email
59a11ae1ee,email,email
36c8989e8b,email,email
b5f36258c2,email,email
656ae3d00d,email,email
b325bf8278,email,email
aa32969c16,email,email
a5d3099aad,email,email
5e52d7c49d,email,email
59262487f5,email,email
b94b8da271,email,email
b791160d82,email,email
82e6c5302e,email,email
32ed47d4a6,email,email
384495158e,email,email
8cfbdcf2df,email,email
e49ea66cb8,email,email
d9fcd98768,email,email
5f7cda004d,email,email
8f65282516,email,email
2bd0965888,email,email
3802000fd4,email,email
a2c2d6dd76,email,email
cdfb47911c,email,email
f5a165ef4b,email,email
65bdd067b1,email,email
0505af1191,email,email
31b82067f3,email,email
7ee06f7009,email,email
24a3500685,email,email
245d116a2f,email,email
f50711c822,email,email
d4cd5b47af,email,email
d29c778378,email,email
141a34044a,email,email
fadf9b2a37,email,email
2b946e26cd,email,email
81b6aa2d6d,email,email
d2dc3edf2c,email,email
b7c3e0c11d,email,email
462a1d7ffd,email,email
25d58f83b6,email,email
741eed10ec,email,email
11415b86c9,email,email
beeba9cbec,email,email
08ad1c88b3,email,email
9f5b6849df,email,email
0fe6da4e7c,email,email
83e01b4df5,email,email
bb8cc3a687,email,email
90bd63d8bc,email,email
cc9174537f,email,email
601bc59c44,email,email
56b9a4a25e,email,email
549163827f,email,email
b3db81d261,email,email
2aba68055e,email,email
f16a6fe1ba,email,email
f306137c61,email,email
ef376b0f67,email,email
5a1f535544,email,email
be7c8f6c83,email,email
2b6e4f048b,email,email
9927f7b565,email,email
a0c58112d8,email,email
7b5f08d94d,email,email
298f6d91d0,email,email
12bf9f4ba7,email,email
329bf832d3,email,email
b6e19022d6,email,email
d4d870cb8f,email,email
cc2b87dfba,email,email
2026d9e34b,email,email
65a171108b,email,email
59743b1aa5,email,email
3ce20795c8,email,email
b4bce933e8,email,email
3c8d830fce,email,email
e975428519,email,email
4da809a8b9,email,email
6b8bfef8cc,email,email
b87faceabb,email,email
ba32d89d1e,email,email
250fe78fe6,email,email
fc1f221ca1,email,email
ccd8e4a79b,email,email
928049e5bc,email,email
7a2f861e81,email,email
8a2939fa0f,email,email
3c4a4791ee,email,email
c0b29dbc85,email,email
5e91f6007b,email,email
3285b3dff6,email,email
3ae77feb90,email,email
f9e8609536,email,email
3f5272dc5c,email,email
2fdf1f00ca,email,email
fe94c97d7b,email,email
9352965020,email,email
b59ab8163f,email,email
0ec5056b23,email,email
fce939d571,email,email
145b06267d,email,email
a29aa5d51e,email,email
dde3be0787,email,email
c7d77cdec4,email,email
f0f0a24058,email,email
c10334c171,email,email
1f9de6d658,email,email
e7bb79ad5a,email,email
80098adfb0,email,email
eff50c39e5,email,email
92c5a6eada,email,email
ce9ce6c533,email,email
0a3616ffb0,email,email
1adbf77452,email,email
352be35fee,email,email
1ed25c6942,email,email
f0d4ce3714,email,email
2fd1111209,email,email
a3d0b6e384,email,email
b34e4fee86,email,email
32fac1b809,email,email
afa9fa9031,email,email
ae2501ed5a,email,email
8b3fb074db,email,email
24a30760d5,email,email
cc283f3189,email,email
ab0fad921d,email,email
d89ca458fd,email,email
1736391330,email,email
715cd761f5,email,email
ed886dc5bf,email,email
787afcbf72,email,email
31a543a85f,email,email
3b6b80382c,email,email
b41887ff3a,email,email
a87660257f,email,email
e9c505441e,email,email
e5d7b5e5a6,email,email
81e600b9f1,email,email
3fd1168573,email,email
a0450d1e2a,email,email
c0cabdd4c3,email,email
cecfa1c886,email,email
270288bc6e,email,email
67812f8092,email,email
ddbd7aae01,email,email
51256e91d6,email,email
125134d6dd,email,email
00ec7cd90c,email,email
aef0212403,email,email
eddf11d628,undef,undef
a2d1caa3c1,email,email
1d1377840f,email,email
22e8c67793,email,email
66777783af,undef,undef
db756f7b57,email,email
5ddef86b5f,email,email
3c3e01ca17,email,email
80e6266f97,email,email
e5ab1bdfcc,email,email
ebeb86283b,email,email
25e04854f9,email,email
901946b1c0,email,email
8c2f9f3c3a,email,email
7159d4e33f,email,email
0e24b871bc,email,email
a6aacf2709,email,email
45a1db04e0,email,email
abd1d45303,email,email
377c6e5dbc,email,email
4d91184b20,email,email
f9c78f14f8,email,email
44b6749300,email,email
1f38caed8c,undef,undef
e05cfb7b68,email,email
8e5bf6d156,email,email
97c83056aa,email,email
800774d37f,email,email
d4ff09e4df,email,email
9d86b1d317,email,email
f79571fcbc,email,email
05976dc9a3,email,email
437b943fa2,email,email
43305fd521,email,email
140659dae3,email,email
25f9ff02cb,email,email
ecef4e5f7b,email,email
9cd1678aed,email,email
c665d1293a,email,email
fa9441d614,email,email
53002396a5,email,email
3f8b1c19a1,email,email
2c675f4b65,email,email
badbf55ec9,email,email
fff64c524b,email,email
ec2b8088f4,email,email
1048d7367a,email,email
c224953a37,email,email
8b0c786d39,undef,undef
e6ce623f5c,email,email
1cbf2df5a7,email,email
dd4b6dc7ac,email,email
a8ca84b908,email,email
05219eb499,email,email
811f900e2e,email,email
59bb041664,email,email
34aa3af6db,email,email
f14c7fd734,email,email
b781f937db,email,email
58c26937b9,email,email
4ffcd0c150,email,email
a9af8f419f,email,email
5db271d09f,email,email
3f26eb9c79,email,email
ab75381bc4,email,email
1d80ef60d0,email,email
2cc27106ce,email,email
006b19a805,email,email
d504cbda74,email,email
fd2138b413,email,email
1c516c2f71,email,email
b136c3d00f,email,email
c4702ee83e,email,email
764be3cc31,email,email
e7dfdc9c44,email,email
e5432ffd82,email,email
7a1223fd34,email,email
90c01c4829,email,email
ab6b6241c8,email,email
f676d888bc,email,email
dc52629811,email,email
d9ffbb3a63,email,email
9be7797c28,email,email
d4ed294dab,email,email
b7fccd0b26,email,email
3d21c80a57,email,email
d732147380,undef,undef
d75ff6ce23,email,email
27a5d144dd,email,email
e18bcd7478,email,email
e3d09fb74b,email,email
45064cc8ff,email,email
6c62d53d49,email,email
8a4e62fcc4,email,email
a5cef7b619,email,email
4fa4fee00b,email,email
ecc09a0529,email,email
6353527af7,email,email
780a30624b,email,email
bbfb44ba4a,email,email
20ab02b295,email,email
4b0b5e19af,email,email
56399ee484,email,email
f4b46bed80,email,email
9740baf4ac,email,email
1c5b8c5c98,email,email
2584fec753,email,email
85d370e3b6,email,email
5095dbb49b,email,email
98f4a709b1,email,email
5a00da3923,email,email
d1fd31b0b4,email,email
fce9244ab2,email,email
8253c9ce7e,email,email
c988ce4a77,email,email
4b70b1891e,email,email
db17039661,email,email
6b81bd164a,email,email
193e42d2bc,email,email
5257643147,email,email
d315449679,email,email
13bbfaaee1,email,email
a63882641e,email,email
4a86a714a6,email,email
a060c57236,email,email
137da7edcd,email,email
2cbc378e9d,email,email
6f0adcf455,email,email
131d68eea6,email,email
41e75b88c2,email,email
ec1223a789,email,email
0926dbcd77,email,email
1a1c61021a,email,email
c1dee3ff82,email,email
ec11570e8f,email,email
abfa57aae4,email,email
f0042b4ef1,email,email
6cc1dae7bb,email,email
c63e6eac4a,email,email
ed5bc729b1,email,email
637aa1fde2,email,email
b11d3b027d,email,email
4b6d70ab88,email,email
5b761b1433,email,email
4715399910,email,email
ddfd96ec7e,email,email
28534c37b0,email,email
ab389432b5,email,email
1dacc0da38,email,email
569ee00e41,email,email
017a021374,email,email
ac35b0cf09,email,email
61c6c68075,email,email
4b1eeba341,undef,undef
eda31b1fc4,email,email
838613dad3,email,email
234db22ed9,email,email
a4e9b95218,email,email
a707777513,email,email
31a6ebe421,email,email
c2a7d9539d,undef,undef
208e7e1d10,email,email
e1335ecb8e,email,email
3f7c27a9f7,email,email
13143054e3,email,email
21d35ec137,email,email
5544bbcfde,email,email
8cfcd188a9,email,email
4da103c89c,email,email
3c9a8b417a,email,email
6badac70a5,email,email
9d4fc9e67b,email,email
e021db3b1a,email,email
523ec93917,email,email
d2a5f7ee4b,email,email
5eeefaa147,email,email
83b75d0c52,email,email
f1b61a4dd3,email,email
1c92282042,email,email
93e492f509,email,email
440b71cb87,email,email
de611eb4e9,email,email
b698664411,email,email
c238359355,email,email
4baf4d2632,email,email
c401ad49b1,email,email
0aa1422cc4,email,email
2467a82432,email,email
7a5eebb480,email,email
fa2f91726d,email,email
0d7d2d27b4,email,email
4182c86532,email,email
e00696cbd0,email,email
bca1835577,email,email
4f93cd37a9,email,email
d0101bc3ca,email,email
d5e886d287,email,email
b35e1aa609,email,email
c94da87532,email,email
7dd39fe89d,email,email
5c0284fd6c,email,email
9b51f1b86d,email,email
3574bdc85e,email,email
ed75fc6d3c,email,email
bf3da7b6d8,email,email
7c04b5f374,email,email
5dd20163c3,email,email
706deb538c,email,email
dd6f6c787a,email,email
bf1932c538,email,email
e08e5d3e76,email,email
2e3aeed76b,email,email
76dd29552a,email,email
c89c53a70f,email,email
7d39af25d3,email,email
fd24586c60,email,email
0449efdb8b,email,email
4a0fbe3524,email,email
90c733fdbc,email,email
c98e750b1b,email,email
0b93ed4e87,email,email
a37ee01417,email,email
9353027a3f,email,email
1e0814a125,email,email
ffc438e4ee,email,email
9cdd6f41fc,email,email
006da1e4f6,email,email
e7a8fb22e2,email,email
4c057b299e,email,email
354822b2ac,email,email
98776022a7,email,email
382023cfef,email,email
0384e295ff,email,email
a677561d43,email,email
ea844258de,email,email
99ee52c481,email,email
19d61ab036,email,email
38371e00c7,email,email
17eb98f888,email,email
89ec38b95e,email,email
a41934decb,email,email
58e2a8c64c,email,email
5cc2c302ec,email,email
68885d9a33,email,email
03446f3362,email,email
0d466c2626,email,email
3d9f6754cb,email,email
995080f35e,email,email
718a151d20,email,email
6cc728a160,email,email
fadecb53c1,email,email
090b25bc78,email,email
20da27a51e,email,email
5a4efb4f01,email,email
cc850de712,email,email
0786650e98,email,email
a42abcb02e,email,email
27ee9cccc9,email,email
e65cc83ef5,email,email
a2d48bcb0a,email,email
4701275e13,email,email
08ec0592c4,email,email
6e65e76154,email,email
6f649b54de,email,email
b6f3e0b8f5,email,email
92c53081c9,email,email
43c9ae23b9,email,email
6d311e7f6d,email,email
b0628a9b27,email,email
bdc7191e11,email,email
4f27a5b88e,email,email
99e23a27d7,email,email
89fccde609,email,email
8edb23a574,email,email
de8862d314,email,email
e8df2c219e,email,email
c3fcad5e11,email,email
9389e9ee7b,email,email
bed074b972,email,email
6caafa9767,email,email
9a49dec674,email,email
c9fb5f1ba3,email,email
f6912e1acc,email,email
d6f640d108,email,email
cb91a0a1dd,email,email
5e8c7c8976,email,email
b66cf0c521,email,email
9de652d132,email,email
3d596b57e9,email,email
52c92a350d,email,email
6ceaaa0811,email,email
abad39d01f,email,email
c92a9ae96c,email,email
1d4255aec9,email,email
a7ee2cb036,email,email
42913eee91,email,email
ca8c69224c,email,email
cb6f5e0ec3,email,email
88e1d89cbf,email,email
2ccc316230,email,email
3f5c369fca,email,email
a3693c5424,email,email
8242cc7fb0,email,email
af3af6bb31,email,email
d8c79e2e52,email,email
19474c0f20,email,email
be8b20d6e5,email,email
90d628758b,email,email
55c881b3f5,email,email
3307a01400,email,email
09980bc025,email,email
fe4f587767,email,email
3a647af1bb,email,email
dd61de7d74,email,email
c83b6d6c1f,email,email
722a1f6f19,undef,undef
36358c699d,email,email
3374fc50b8,email,email
9b64178e84,email,email
33c761cfd9,email,email
e41620763b,email,email
46b571a793,email,email
42a4664877,email,email
1cffbd3b9e,email,email
af648de53e,email,email
2f9f7c5e2c,email,email
ca51c85243,email,email
24a864f548,email,email
9f8e248b4a,email,email
b5c9d06c16,email,email
017d6e0232,email,email
ad8ff72fa1,email,email
37cc8e877c,email,email
7e5b64c41b,email,email
f0c09aaeba,email,email
2c20c5b497,email,email
eea9bd8a14,email,email
ec4d173cec,email,email
d82705db2c,email,email
4f7751df34,email,email
7a791a90f0,email,email
f951ead144,email,email
09c4b4d828,email,email
5bb601a687,email,email
069beefc2a,email,email
ae9a37be57,email,email
e2138f1286,email,email
49869ed4ee,email,email
36d66378c6,email,email
c8a93183fe,email,email
343878a1d9,email,email
beb6999dbb,email,email
9f97509789,email,email
24132be709,email,email
23a0f84b42,email,email
0f673f3815,email,email
49035f740d,email,email
7eeb560b84,email,email
6f69769e8d,email,email
1363acf69b,email,email
aef1377ba4,email,email
a4fd4f8531,email,email
627f6bf78f,email,email
5e77d3d1fe,email,email
6296a12d41,email,email
209d1284cf,email,email
527b840926,email,email
d86e18dfe6,email,email
6f51a68a83,email,email
39a124b39b,email,email
b9109d20a1,email,email
1fcd7c31c8,email,email
8877243451,email,email
d2278b0fc6,email,email
e0db8273b3,email,email
bcd5313cf3,email,email
9c00dcc7bd,email,email
cb783c74e6,email,email
c7c331a619,email,email
0ad055d929,email,email
e9cd70fdce,email,email
55a4ad8d27,email,email
0449efdb8b,email,email
5fec94be36,email,email
4c02598d3c,email,email
05ca4a02e4,email,email
05969a8b90,email,email
23f2edd6a3,undef,undef
66b086e15b,email,email
b10c87397a,email,email
400e5a2b45,email,email
71bd06f589,undef,undef
ce8a9d98d4,email,email
30b97487b3,email,email
6ea1a38002,email,email
8c17c58e7b,email,email
97a8cd2ea5,email,email
4aa657f329,email,email
bd15c6f1f1,email,email
42476969b5,email,email
ad7d28aaf7,email,email
9919338d37,email,email
4ba2d7d11d,email,email
a0cb61e07e,email,email
6ef6e70357,email,email
1295fab24a,email,email
d8f28a2dcb,email,email
e9451b0c14,email,email
d56d21496a,email,email
ea96bdb3e7,email,email
806ba0c5d0,email,email
5f33f7b421,email,email
4bde1a7c7a,email,email
429a733cc6,email,email
dba85f591e,email,email
3438ca007e,email,email
d25a94985c,email,email
0b7eb9aa3b,email,email
b0a840a95a,email,email
6ee44a0fac,email,email
c0e7ba0ebc,email,email
9c750b1207,email,email
fad7a2aa97,email,email
c8ef6a12d8,email,email
771ed99a1c,email,email
bbb594c3b8,email,email
41282f3363,email,email
1a617dcf75,email,email
2be61780f5,email,email
0c006d5f7d,email,email
3594c61c4f,email,email
ee369c1428,email,email
79c43e5315,email,email
a08008db69,email,email
d57cd90edf,email,email
72861f3167,email,email
b2eaac8915,email,email
7c253e3451,email,email
d7f5daee96,email,email
d32bc38206,email,email
a841a97bff,email,email
93a8be1b4a,email,email
583f4f4944,email,email
f722e49ed3,email,email
4bccdecf8b,email,email
a0410d736e,email,email
a4bf695706,email,email
6d9797a58d,email,email
4fe12da579,email,email
399baf5c7f,email,email
98eb4828dc,email,email
3315b9a91a,email,email
c81e08599b,email,email
46d9a0a455,email,email
45b67ebf68,email,email
2ce3ddd963,email,email
b8b2cb5add,email,email
59fc826172,email,email
5125c7925b,email,email
f8b921f44d,email,email
be1338213b,email,email
d001f3b623,email,email
897bbe6c20,email,email
cadcabcd47,email,email
0aa7f91bcd,email,email
2966381110,email,email
f79c6833d0,email,email
67a4bafc32,email,email
a6d283cab7,email,email
4f94155f33,email,email
7c212c03c8,email,email
4d44787fb0,email,email
cc7b0b07da,email,email
f7ffbba59d,email,email
eb1d01211a,email,email
dd4dae5d88,email,email
5272a85f86,email,email
b8239f2b57,email,email
28d317138c,email,email
d292157ab0,email,email
6a25b49986,email,email
92272edb50,email,email
e89009f200,email,email
c506b4b71d,email,email
eb9aa34b03,email,email
7c766fc3a3,email,email
58c15c1441,email,email
f0d4c964e4,email,email
ce57fc634c,email,email
8be961cc1b,email,email
081c480840,email,email
1a7c194318,undef,undef
97362c6efa,email,email
c762205ac1,email,email
65cf78d1d2,email,email
706c1acc9a,email,email
5810e01159,email,email
1019ede32b,email,email
3d88188803,email,email
f75cdafc6e,email,email
0ea3057379,email,email
2e90c2a87d,email,email
5a582e2751,email,email
45f8d30bc8,email,email
ae1e2d011c,email,email
8f4da0da09,email,email
f72b099cc9,email,email
af08969b2f,email,email
13b89b65d8,email,email
e3a9c5e95a,email,email
a193968c19,email,email
b5314e5a01,email,email
97db29e57e,email,email
b47d58f4ab,email,email
d32af4a552,email,email
2f6d337fa4,email,email
64e480eb03,email,email
6ef9a64de2,email,email
b3fd77f778,email,email
99f11ae841,email,email
6ad9044432,email,email
7939d841d1,email,email
a66e837007,email,email
eaa362425d,email,email
6a5fd2ddde,email,email
dde98adda3,email,email
37c1436d1d,email,email
e4713ab417,email,email
e8d2ae05bf,email,email
c0b7da427b,email,email
4013f035c5,email,email
90d3cb02e2,email,email
012d0c1445,email,email
75910c3025,email,email
9656ca32e5,email,email
c332177919,email,email
f9881cd4a4,email,email
d9fa663368,email,email
9353027a3f,email,email
a385235469,email,email
db08b77d33,email,email
a5d046eb43,email,email
c527efb6eb,email,email
aa222a4427,email,email
9c1d2ca9d3,email,email
4cf63c1053,email,email
29ef69a545,email,email
33e92575c5,email,email
0b23934b4e,email,email
17f3855581,email,email
6c069bc4e7,email,email
7cea48e65b,email,email
aa46fec3ca,email,email
6ac82cc9b4,email,email
42a7a482aa,email,email
059e263fa3,email,email
2d14526c82,email,email
11c2ed22cc,email,email
fc6e9248b8,email,email
dc6df54578,email,email
53be040864,email,email
a0aee4a609,email,email
edbbd6e588,email,email
09d3c094f8,email,email
5a31d8e4cc,email,email
d2f1b23fc0,email,email
0f82898a55,email,email
7dad540b2b,email,email
a66e322dd4,email,email
0b4699cb43,email,email
83a4edcc47,email,email
8324f4fdf4,email,email
e7e058537c,email,email
c7ad564261,email,email
4069135ee9,email,email
4a5d6ab40a,email,email
e638926163,email,email
65ae09ddad,email,email
4a3fc47648,email,email
8f375751a6,undef,undef
2afed28319,email,email
7c2befb47f,email,email
fcdfbb6a6f,email,email
5f8522ba16,email,email
1436e73d8e,email,email
af7b788c76,email,email
b2bdc70620,email,email
339f04ddd7,email,email
6d758e9bbe,email,email
b6bd290951,email,email
ff8cc5aecf,email,email
8dc0c4e8b4,email,email
3f9bc35173,email,email
3f00163203,email,email
e4923bab4f,email,email
858f4a78b7,email,email
9c10f2a738,email,email
16eba5d9a1,undef,undef
0dc50dbf8d,email,email
25c3828011,email,email
bdabf6e096,email,email
5ac6c86d23,email,email
12eba728f7,email,email
54d5a4bf3e,email,email
90c8ef4adb,email,email
7370d938b1,email,email
3bcf1adabb,email,email
88791f99cd,email,email
8a6ae0c666,email,email
f86c2fb58f,email,email
a9ff1b3bd9,email,email
e3401ca480,email,email
df51d0b922,email,email
3982e3c4f5,email,email
96cb0f5429,email,email
4f8f28b2aa,email,email
3a8718ca3c,email,email
078348a834,email,email
c7b93b2e6a,email,email
ae1ad75595,email,email
19fcd76909,email,email
67c8158536,email,email
6e23a455c5,email,email
ccd83d19ea,email,email
cdbc67a1a2,email,email
ca9912d0de,email,email
1f9d6fb52b,email,email
f63602296e,email,email
eb027f524d,email,email
5b29853e25,email,email
af612f2730,email,email
b04f2d6da1,email,email
7028ee2630,email,email
be45e5c627,email,email
1565eaa665,email,email
7a5e8be111,email,email
5c929462a1,email,email
03c9c63e0b,email,email
237cfd968c,email,email
e5d8a1f00e,email,email
fb61144103,email,email
c5fa15c8ee,email,email
0c682f7545,email,email
0437b09e56,email,email
3ac6181e0c,email,email
0e89e3eb6b,email,email
a1f863a94c,email,email
09d850169a,email,email
6ebd64ff08,email,email
a042f32bb7,email,email
e3c0b3cb9f,email,email
ede85c5805,email,email
3681ce69bb,email,email
fdb884e9b3,email,email
1fad45b9a7,email,email
6b770ca4db,email,email
f78d0f4323,email,email
afe4f35dca,email,email
c04c2c76ba,email,email
5bd5471eca,email,email
9fc2514392,email,email
ae735e3a76,email,email
5ed8ccda84,email,email
ae2db54d6b,email,email
5957ccc507,email,email
1d60877d42,email,email
cdd513b2aa,email,email
8541271f64,email,email
b085601e1e,email,email
b948aefe12,email,email
253fb26925,undef,undef
a9248cfb28,email,email
fe521132cf,email,email
7589773081,email,email
3f7f5ba989,email,email
b427c004f4,email,email
39de301665,email,email
88475c37ec,email,email
ae8c5d6fcb,email,email
97cde7d6a1,email,email
8ffcbe2f66,email,email
59d41fcc9d,email,email
3fab9b97be,email,email
477f283c8b,email,email
a214e5a712,email,email
25c8b4a8cf,email,email
308e6db69b,email,email
bf501c3895,email,email
8304578be5,email,email
b8d2010eec,email,email
77f350285d,email,email
178e6276dc,email,email
bdab8a42a3,email,email
890ff62f92,email,email
e13bb2ec39,email,email
f516ad74ca,email,email
81144165a4,email,email
98dd841bd2,email,email
8cdf1e724f,email,email
39a3655bb9,email,email
10e58b6d3f,email,email
fc90761b5e,email,email
89f52fb755,email,email
8f48b07689,email,email
f4ded53314,email,email
ba3b1adbce,email,email
af256b1a04,email,email
9ba2f45ee5,email,email
4c680783f1,email,email
e302e0298c,email,email
bb8323cc9d,email,email
cf7587ba23,email,email
e2085bb251,email,email
96c744469b,email,email
ac14c992d5,email,email
0f278d9d26,email,email
57ff8cf3a0,email,email
12607fac58,email,email
de13aceabd,email,email
53b5b00a06,email,email
2c8f6b3603,email,email
ac3b6483e1,email,email
fcdd42f949,email,email
caaf4ad1a9,email,email
2a983b3267,email,email
29377d6ed5,email,email
2ee64717f2,email,email
2ec4c306f6,email,email
82a01f9fb5,email,email
cea95d3dd2,email,email
542708fa66,email,email
6dcc106abe,email,email
79a1ec848c,email,email
9879d73320,email,email
ad235e2f78,email,email
b05ae336a0,email,email
7d7d6af65c,email,email
bae9ca1e07,email,email
c68399b36b,email,email
25845701ab,email,email
91c9f5eda6,email,email
1f839cdf60,email,email
4a9de011a0,email,email
1752347cd6,email,email
24eaebb011,email,email
bd736c81b9,email,email
6446bd1edf,email,email
444b786525,email,email
ba08247f7a,email,email
90460d7e04,email,email
c3cac538a9,email,email
6815caea8a,email,email
8fed42affa,email,email
56e8adb301,email,email
b8e98010c4,email,email
e4344324f2,email,email
ace0e4ba68,email,email
c3d25abf4e,email,email
3743bdeee7,email,email
2513a0ca3d,email,email
c637a5b520,email,email
0c2ecade09,email,email
20386759f5,email,email
3b4f063fc5,email,email
35c3b54318,email,email
b6100b36d9,email,email
1651d43db1,email,email
23d0e2a071,email,email
0d3d9b7054,email,email
5383a17909,email,email
40136f7efd,email,email
041fc20c4a,email,email
8f6bfae1aa,email,email
02fd2c9e40,email,email
c9fd58b660,email,email
36f7fedc07,email,email
6e3b7b97ee,email,email
231f84c018,email,email
05b3cdefe3,email,email
2e8ab72572,email,email
55c0f53493,email,email
319e04ff2e,email,email
fe752eaf4e,email,email
46525a6315,email,email
862f9284f6,email,email
d76d6fb047,email,email
40551d0e55,email,email
bd697c6bdc,email,email
aed9126897,email,email
5ad782f09e,email,email
d4f2b8f72d,email,email
7d17968e55,email,email
54ad860218,undef,undef
e85b759b00,email,email
e927826a06,email,email
b4da7db542,undef,undef
c51c5b1e2e,email,email
2ae21f9821,email,email
1d57c8ee10,email,email
e6668edb95,email,email
220af12b53,email,email
c2b4756c42,email,email
15a9f851ea,email,email
c030edd4e8,email,email
3ad8201a2b,email,email
b143f397df,email,email
79aefe4e1f,email,email
1f9798daf0,email,email
a759952aac,email,email
6276b39487,email,email
38cf4baef3,email,email
e76551aee7,email,email
495e163f6d,email,email
d54171c290,email,email
297c5266fe,email,email
e4b2c4f27b,email,email
abbc1ee320,email,email
ba5b017d0a,email,email
f0cc5bc552,email,email
48206829c4,email,email
9e61c28c87,email,email
1780ade01c,email,email
aa03407ce4,email,email
12d5887846,email,email
fe6c87663e,email,email
e55344537d,email,email
fc0c1b38e3,email,email
1a47228a38,email,email
d066dfd7ee,email,email
bc673f14a0,email,email
9ad2f7e1a9,email,email
baae78dcd8,email,email
a445ff20af,email,email
823f784cd8,email,email
b74025131c,email,email
d1d44d951e,email,email
ef176d46ba,email,email
be50d4362b,email,email
42926dba5a,email,email
e00a9eb478,email,email
35e66b7809,email,email
99950ad805,email,email
96ac93a39c,email,email
1d76677457,email,email
67d889ec6a,email,email
b4c49c2893,email,email
e0cc9dd11a,email,email
b522f20c89,email,email
66318a3af0,email,email
17dff90a4f,email,email
cd8f89bfeb,email,email
1eee3839eb,email,email
af5106c552,email,email
ee0eeebc33,email,email
57ef5dca25,email,email
74fa652a8e,email,email
31cb2f546f,email,email
0d97d69b15,email,email
481607c136,email,email
6984be0f23,email,email
caac0994d2,email,email
45c2d03fb2,email,email
cb75decb11,email,email
23e17044b2,email,email
05bad331dd,email,email
acdb72794f,email,email
ad7d98e9dd,email,email
beb80b0205,email,email
a247b007e9,email,email
9dfc32f05d,email,email
49af3027b1,email,email
cefc869df4,email,email
4974bf0c1a,email,email
0b877a26e5,email,email
4e63a3b366,email,email
a6d6b509d4,email,email
1d84e7d30b,email,email
8d9033d25d,email,email
7d97e5f0fa,email,email
ae657124ce,email,email
246f9b0fd6,email,email
24a2642d19,email,email
1fa7ec78f9,email,email
232b374d55,email,email
19d82c4a0b,email,email
64c71fbe50,email,email
ef5dff3665,undef,undef
b5a9eb35f5,email,email
2996f633dc,email,email
94f98f591b,email,email
bec2d90e74,email,email
202f33f91e,email,email
8b4f29527e,email,email
79134af4e5,email,email
27f3d77008,email,email
ddd0b2c20a,email,email
12f72b5c5b,email,email
876f2c6b84,email,email
62f17d7d58,email,email
228c939cc9,email,email
378b5ef6e2,email,email
ee9499a1c9,email,email
c8f50a8c5c,email,email
24eeb938ce,email,email
eb8b76bdf2,email,email
7d8712b7ad,email,email
499088b665,email,email
3b69c18d7c,email,email
b98319d5b6,email,email
f0e944624b,email,email
62f0694ecc,email,email
04b79a6f5f,email,email
8ad859073d,email,email
9acf730fc1,email,email
ed4a120f26,email,email
8ac90c95f0,email,email
dc74d05c94,email,email
7561bb68e5,email,email
0620e48a59,email,email
6143932d49,email,email
300b653f40,email,email
8e0b28212d,email,email
838653a9f7,email,email
9212fa34cf,email,email
1ef312db42,email,email
4f60f9f7d3,email,email
b6c6c994ef,email,email
4a6f5329fa,email,email
682a3fdf2f,email,email
9708694570,email,email
c58a83351b,email,email
4063658eaa,email,email
ca61f20938,email,email
3c37721ffc,email,email
307099e620,email,email
75875f0df3,email,email
19d3eed9e8,email,email
c0f1098da5,email,email
196152261d,email,email
a03994f893,email,email
feab2e9ecc,email,email
8d9e66dac8,email,email
6eaad50c4a,email,email
0e848b6be8,email,email
97b4a56d24,email,email
58ecf28b29,email,email
1711e016ec,email,email
2225b9dab5,email,email
e2d845c1aa,email,email
a5e6e40929,email,email
fda865e0b5,email,email
6efe1d2be5,email,email
579741e266,email,email
864e1fc81d,email,email
bcab499006,email,email
5e70e9dcae,email,email
8818656281,email,email
f8c60a090c,email,email
4766afdb08,email,email
d080343199,email,email
6ba849e321,email,email
b642baaf1b,email,email
6204184ae6,email,email
c7f2aa6344,email,email
e2d5c1ca81,email,email
050ca8d198,email,email
b17c5f95cd,email,email
a8e6a59348,email,email
8043c6aa68,email,email
5102442ef5,email,email
6b2e2890f3,email,email
1607b5875c,email,email
da08fb0bcd,email,email
670046e473,email,email
2dc65b5d25,email,email
d0805b8f5d,email,email
6ce8999e59,email,email
8b63c8e5a2,email,email
c28a1f3073,email,email
a28318a5ec,email,email
74e49c2f8d,email,email
b65f957ffd,email,email
6c1f402acd,email,email
216adda7d2,email,email
6d19e11db4,email,email
7ca748b270,email,email
93ae324ae4,email,email
13c81b882f,email,email
92e5a5cf54,email,email
1ffc5eff43,email,email
4194e38197,email,email
25787efed4,email,email
08a8676ac4,email,email
3f29634551,email,email
95b451a0c3,email,email
d12f00eeca,email,email
c1596e5b85,email,email
864f05507e,email,email
6020c5d8d2,email,email
7d67113c34,email,email
aee17c235a,email,email
65eb6bb46a,email,email
a06605a40a,email,email
289a408b79,undef,undef
adf2b8dca0,email,email
b48ebd705f,email,email
8bce2a4c2f,email,email
554633adc6,email,email
c5c2208ba0,email,email
69a0d36d29,email,email
8639fa926a,email,email
c381f8eade,email,email
604dc069c0,email,email
e9b79faa86,email,email
4a7000d625,email,email
39be3cfae4,email,email
55e2cea0ca,email,email
6a502d3325,email,email
dc0ad35d01,email,email
f56fa19907,email,email
b05e9e89df,email,email
6f74aee218,email,email
31a1493eb0,email,email
7871926866,email,email
4e59f4e8bf,email,email
54bfc56544,email,email
23c92b2d34,email,email
73169bd7b4,email,email
b88c6573bc,undef,undef
3b96754575,email,email
ccdf4680e1,email,email
45b9473c10,email,email
534b19d4dd,email,email
5a165eb0dd,email,email
be744122c6,email,email
e23bc95baf,email,email
41719243cc,email,email
76540d5da9,email,email
e33853fc71,email,email
18f8cf24a2,email,email
f9f1e03712,email,email
5da8ff3b08,email,email
d211047356,email,email
e04fad4686,email,email
c352459a21,email,email
e0278e6f6a,email,email
79f13e61d3,email,email
8143940489,email,email
5af5971a17,email,email
9fe8edd4c6,email,email
5a8df63221,email,email
5ac93470fa,email,email
bc2db904b7,email,email
25379efbf9,email,email
91c5c29287,email,email
7d5499a4f8,email,email
5f3932ba34,email,email
8b9a82ad50,email,email
9d2509040d,email,email
2566dd1a02,email,email
284d3440d3,email,email
fe7b2c5a7c,email,email
a53b18c181,email,email
0a4f8c8c5f,email,email
fc4c06ecad,email,email
5cdb0e7663,email,email
f5f8044cb1,email,email
832600f7a8,email,email
16cef64086,email,email
b497a2e0d1,email,email
615e85d924,undef,undef
4090d43978,email,email
d2331126e2,email,email
20236c91f5,email,email
996a99e76d,email,email
85eddd3428,email,email
71080a6aaf,email,email
569553e1ce,email,email
a85bdfb5b3,undef,undef
2b9560eecf,email,email
6de93c8d07,email,email
d1f20dc048,email,email
308a4b5d4f,email,email
b9cd6315d3,email,email
8ae1295e65,email,email
76811f028d,email,email
d401cd3c01,email,email
32a218483e,email,email
a65f86cfd0,email,email
a6365006bc,email,email
55ac99f08f,email,email
af1c2d1266,email,email
4e520af666,email,email
6cf35fd90a,email,email
3913a5209c,email,email
9e4b7a5a21,email,email
1ca69840e4,email,email
f1dbc45e37,email,email
8809e47d1f,email,email
8119379155,email,email
470b7aac14,email,email
be0db94119,email,email
2c156da492,undef,undef
d0d301f9b9,email,email
188afefe7f,email,email
689de7ba80,email,email
691999bf33,email,email
5f62f23f26,email,email
5fd6a423c9,email,email
81fbcc196b,email,email
b37659faf4,email,email
725899c8a0,email,email
dd954c0d79,email,email
57411af55b,email,email
2828490118,email,email
92eccefd63,email,email
78b7662cfb,email,email
61f6d4378b,email,email
7873851358,email,email
fa09a0ca35,email,email
31c08926ee,email,email
d7b1347f44,email,email
5b9439f288,email,email
94dcbb6fae,email,email
2c379a5cba,email,email
fcc7b16158,email,email
9cc853ebd9,email,email
6fcad24ba8,email,email
eaca417c41,email,email
65ca8592b2,email,email
3f5774d2fb,email,email
10def5762f,email,email
a69f9690e6,email,email
8d29816877,email,email
08ea6ddaa5,email,email
63433bd62c,undef,undef
a17d158731,email,email
74dfb9772e,email,email
3991a79979,email,email
4eec85b464,email,email
b3c2508e94,email,email
f5e0d07483,email,email
d5d884fbae,email,email
9f12d4adf1,email,email
93654c81ff,email,email
2ddddb2b36,email,email
7674169861,email,email
d9b00864da,email,email
839bd51cd0,email,email
90a1af0268,email,email
3ae2010ec2,email,email
5062d98cfa,email,email
9bdd8512d5,email,email
8565efd747,email,email
dad62450f5,email,email
e46cb2b756,email,email
64b22ed9c4,email,email
cd15e69fa2,email,email
cce0b4e056,email,email
bbc2cbf1f2,email,email
b7dab1dc22,email,email
1d66e07f17,email,email
c1c81e05f6,email,email
1a6f1a33f5,undef,undef
bb97c7267c,email,email
c76402201a,email,email
73e9b0f523,email,email
8b2b7efb1f,email,email
e49f0a3661,email,email
15ad9b0f57,email,email
4f7bfe3ece,email,email
4c62272905,email,email
17afe5c567,email,email
498c6ed26e,email,email
a39becc385,email,email
83d35f8ae0,email,email
739742552a,email,email
6792aa895e,email,email
f83fa45bbf,email,email
1cce797231,email,email
cd08843c8c,email,email
ccc1f29c3d,email,email
12b346fa91,undef,undef
5d66df9eda,email,email
c5d13163f9,email,email
c9be8d6c7f,email,email
2e4c2ad635,email,email
794dd75fd8,email,email
791b7face9,email,email
47b81345c0,email,email
e87f282f2a,email,email
365721e477,email,email
411b826824,email,email
40edc18f76,email,email
7c970f680f,email,email
0032ea0f99,email,email
423e3f9edb,email,email
b926d5969a,email,email
dbd9041c9b,email,email
c08ecbbce4,email,email
9b133365ab,email,email
efd9ce57b7,email,email
f55cc65fe6,email,email
ba2aabd0fe,email,email
6e17b0c94c,email,email
cba9779a88,email,email
f4a37bd88d,email,email
92fb5f21e6,email,email
b7c005d1ea,email,email
da22a9c4e1,email,email
af7863f780,email,email
deb9379c50,email,email
2d04387f55,email,email
ca886fced6,email,email
7ff73d7a7e,email,email
1a2a8bf340,email,email
09b1d86b5d,email,email
19b0d92628,email,email
dfb6502fa5,email,email
777da441cd,email,email
46278bd619,email,email
b967ff33f7,email,email
b0a4819777,email,email
ff37e11961,email,email
ca259333f4,email,email
571b0a9aec,email,email
fc811b6571,email,email
42956d0e89,email,email
166c9bfc03,email,email
5d8015f253,email,email
2adc856714,email,email
c82c845c85,email,email
199f32bf0b,email,email
07160da2c8,email,email
fb4ae4e55f,email,email
d48d77eb55,email,email
95640b056c,email,email
74ed9d2f22,email,email
b196df9c2e,email,email
0f9fc9cb96,email,email
0ac0cfce1c,email,email
20bf903676,email,email
11ee523273,undef,undef
1f6f681509,email,email
e285254a65,email,email
97e09d3338,email,email
48382ef976,email,email
eaf6cc2904,email,email
f0a6b1702c,email,email
1b57b0960c,email,email
03941fe58e,email,email
c31925fe32,undef,undef
b82e3aa4bd,email,email
21ef66c706,email,email
a0acf9730a,email,email
4c7a0d225f,email,email
8508c77864,email,email
fad24f8e7d,email,email
b1b08f3f97,email,email
bc0adc9e9f,email,email
cf0f39c2d4,email,email
8ab47ac5a1,email,email
21d11d215d,email,email
4e56966459,email,email
2053573e6c,email,email
ba6aaf5dd6,email,email
cb33097b56,email,email
6359a60b4f,email,email
7f83865e6f,email,email
1afac0adcb,email,email
85a00d24e6,email,email
b98a540cd9,email,email
c78dee6c9a,email,email
715ab0d174,email,email
7c41ef90c5,email,email
d1065f5d6a,email,email
4da9f4be9a,email,email
9761024271,email,email
42d7ee1c1b,email,email
cf5ab7d2da,email,email
9ab67bef9d,email,email
7bca77c809,email,email
f90f747303,email,email
1fd0ecdc50,email,email
e7f6b582e5,email,email
d1ead431c8,email,email
35fe38281f,email,email
c6de451b2a,email,email
be5f7998a6,email,email
5c15affe18,email,email
4eeec97fbe,email,email
f4efa6ea26,email,email
e450a09233,email,email
dcb3737d0a,email,email
3c8c4282cd,email,email
80d67ead95,email,email
46417eb427,email,email
2f40bb4322,email,email
d656383bc4,email,email
41b93474fc,email,email
f3ed648557,email,email
7852532175,email,email
b624658b3f,email,email
8984a8ff5c,email,email
47f05cc637,email,email
757f296c12,email,email
0866b5c28d,email,email
dea0e1b2be,email,email
4025acd85c,email,email
f50692821c,email,email
ea70d7a0fb,email,email
2aea4510af,email,email
d56c25bd6b,email,email
359f0e267f,email,email
1d8e10c376,email,email
d3e1dd1f0a,email,email
b412a9542b,email,email
624c3d4436,email,email
0f1dae5059,email,email
61328dd002,email,email
c774575e0a,email,email
a579c2e952,email,email
07e8536d10,email,email
7bebe5b577,email,email
0ba566b56b,email,email
20914a397c,email,email
872a7a4c74,email,email
7559d1871d,email,email
b3bed12ed8,email,email
38afb6a890,email,email
fc02b852ab,email,email
921df2d035,email,email
5a9c404c51,email,email
df28bb2fdc,email,email
e3a9c5e95a,email,email
56e118cf21,email,email
fc9c46c9a3,email,email
2b10d79724,email,email
87528f726d,email,email
7604df5f3b,email,email
eac1d26efd,email,email
27a350a80e,email,email
128bad043c,email,email
96a86e2643,email,email
2453788619,email,email
b1acc6790c,email,email
52f33da715,email,email
92dc7bc8d8,email,email
8d97db5498,email,email
b9f1965c5b,email,email
4c7467096c,email,email
bb30f5e027,email,email
1a29b02ab1,email,email
2d21c0509c,email,email
dc41e6366b,email,email
a8b7f2fc59,email,email
1879ca695d,email,email
426a6d3dba,email,email
b27ecf9f79,email,email
d54644a679,email,email
07d6bcadf6,email,email
61bd77b5a9,email,email
db2a403a7c,email,email
f13550b7a8,email,email
eb6ee09636,email,email
ed8107abb7,email,email
d2b13fbc7c,email,email
2b4d7b9e4d,email,email
7482df5f66,email,email
bf227805e3,email,email
af3c51ac15,email,email
75ea35b5af,email,email
fd99709b15,email,email
2d6acd2480,email,email
7e47307067,email,email
54a62b4c10,email,email
185ea9a8a3,email,email
9164e92f70,email,email
f335e3b7fb,email,email
d432a38d7f,email,email
d7026b86f4,email,email
3015bdca99,email,email
d7776059f6,email,email
4fee83af24,email,email
616ef73e66,email,email
5d70bf8c5b,email,email
dd2ce6295f,email,email
5732df0255,email,email
e638516285,undef,undef
77f59ebe11,email,email
3ef1bc80b9,email,email
96d3ff2d1f,email,email
0d517345be,email,email
2eeaadb0c7,email,email
7f7502a3b0,email,email
fd8fe7caea,email,email
1cdf5e753a,email,email
e8b80dc116,email,email
0611aad11d,email,email
09b4d44664,email,email
09fe9c08db,email,email
34f1cab697,email,email
6274e56155,email,email
1c7fdbbae2,email,email
b7623a0660,email,email
70cb1d78d8,email,email
c5b9e5f9d6,email,email
fa67f3d55f,email,email
f0ea0418c9,email,email
a297b2c726,email,email
b066ff9b63,email,email
2a27c1c061,email,email
39ab31a64c,email,email
c5c9988990,email,email
d05521e9e9,email,email
219ef6f6d7,email,email
b856763fb0,email,email
594228ea53,email,email
33ebd3d74d,email,email
5380d73ee7,email,email
2a77e93e6f,email,email
070b8ba2dc,email,email
2dc627356c,email,email
398dc9ccb4,email,email
bc77e20706,email,email
2706d57bb1,email,email
6fee34c157,email,email
90db387ede,email,email
a4ccbe8390,email,email
ea4383c00d,email,email
5d67ad4d00,email,email
9761d2b8cd,email,email
ba864d707b,email,email
555ac79808,email,email
0f8958be2b,email,email
c5eb3c0ea7,email,email
4a862c53c3,email,email
e9d0d34d87,email,email
775b60ff17,email,email
24d99fbc6d,email,email
14c02378b5,email,email
d066d1bb18,email,email
d0d77054c1,email,email
07da8ffc83,email,email
60e6041378,email,email
75c19106d1,email,email
144b5ed6aa,email,email
dbc0465c09,email,email
e9f38cfe5d,email,email
14542b439f,email,email
a342624e5a,email,email
3ec49ed2d2,email,email
908e3fb566,email,email
164c93d4d0,email,email
cd5c6c56c7,email,email
c911bbd03f,email,email
84bfb02485,email,email
eabba9f968,email,email
2644b321cf,email,email
91fbfd6c71,email,email
2c4fb1f65d,email,email
b0766872e6,email,email
f133f749b1,email,email
97997bf96b,email,email
660058daa7,email,email
d7ef80d9cf,email,email
7e966574a9,email,email
61a49fe44a,email,email
fde25c74a9,email,email
f22c8e0730,email,email
1ef1db2785,email,email
d04261c861,email,email
50dfc0f900,email,email
6763e3a927,email,email
1d98130bb4,email,email
b808c6f5fd,email,email
3d2188e1f4,email,email
ba5623c4f8,email,email
3c92714705,email,email
02951b516d,email,email
7a88409325,email,email
26d2eb73c9,email,email
ed91400ac2,email,email
d5f36b01b7,email,email
1a50f1acef,email,email
138e0a7319,email,email
cc6629ed52,email,email
745ffe3025,email,email
baf10c1815,email,email
9e5569856c,email,email
7473562f0b,email,email
077e0c69b3,email,email
74f76a5f73,email,email
9378298522,email,email
7a7c2dde5e,email,email
df946ef64e,email,email
605070c30a,email,email
25d5e9abd1,email,email
0713d612e3,email,email
9db59e27ac,email,email
b774d4db38,email,email
77edbb7e6f,email,email
fa958e8eb3,email,email
d21d90eae0,email,email
ed1df6711a,email,email
a66e0c5465,email,email
1ba2422a73,email,email
a4fd0315d1,email,email
cca8b77300,email,email
39d179440d,email,email
65a43c0823,email,email
6e6f51dc20,email,email
0ae141c474,email,email
0ed1f95294,email,email
4218e20992,email,email
62122d5b85,email,email
824e8a311a,email,email
7178b33303,email,email
236fde67b2,email,email
14b9fd6401,email,email
9cef80766f,undef,undef
c0a7d28b43,email,email
49782b4259,email,email
28a7ae3523,email,email
960cf9d051,email,email
12a11c898c,email,email
449b4bff01,email,email
0403d74b3e,email,email
2e9a577a0c,email,email
6e0e164bd2,email,email
b578fe802e,undef,undef
cadb678dc1,email,email
c3f09ea126,email,email
c1ead23d6a,email,email
a286d1261f,email,email
6b21a488e1,email,email
6bee5f33de,email,email
415b26d962,email,email
396d9cd007,email,email
9727a05d17,email,email
d9f9006307,email,email
8d431752a0,email,email
d1ee671146,email,email
aa2f8be9ff,email,email
77516bd928,email,email
9488186cbc,email,email
ca677c82ba,email,email
994cb679f4,email,email
0093298bae,email,email
11e7c8781c,undef,undef
2680bcf8dc,email,email
0747cbb3f7,email,email
f09a73144a,email,email
bc94e13eee,email,email
f6bb7ffedc,email,email
cea82b5f90,email,email
b326faff6f,email,email
238a89d2f0,email,email
e64461d5d0,email,email
49bfdff1ac,email,email
803d6bd74a,email,email
f2392609ff,email,email
ea91962fe0,email,email
6fbff8d6df,email,email
ac5642b732,email,email
22ef128edf,email,email
bdf2b2a144,email,email
f02f2dec85,email,email
750655b333,email,email
c4e94cf390,email,email
80f8b4d184,email,email
e7a6b993e1,email,email
da402d4ef5,email,email
75b505e6c0,email,email
d61baee4a0,email,email
2ada79b152,email,email
b75c96e71a,email,email
dad10d1f94,email,email
9f16961ab2,email,email
0b61accde2,email,email
8bea8fc851,email,email
99bbee72a4,email,email
c5ed62803a,email,email
490eaa6d96,email,email
980fdce3c3,email,email
458d7fad3b,email,email
4a28e119a7,email,email
79e73a6ccc,email,email
8ced028d34,email,email
f9b11777bb,email,email
40323abad5,email,email
bf55624623,email,email
5cbaef75f9,email,email
85e1a48af8,email,email
b439e5200e,email,email
f6f76dbbd1,email,email
f335e3b7fb,email,email
bb0dce8703,email,email
9b1012a5b8,email,email
06948384d6,email,email
d783311b11,email,email
96a328bbf0,email,email
0a2ab472cf,email,email
350ca005d8,email,email
1a1a5845cb,email,email
c457c0575e,email,email
f297841c4d,email,email
b365baf497,email,email
873fb1b798,email,email
6f747c00a8,email,email
091c51c418,email,email
141ae4104a,email,email
554a50d667,email,email
e0e495915f,email,email
65398f8b35,email,email
5c6b097a07,email,email
cc839686b6,email,email
caa08ac645,email,email
085e3a2357,email,email
8ab52fef0a,email,email
1792561483,email,email
61117f7f31,email,email
ab52353e6b,email,email
0b85ead142,email,email
96158eb0ed,email,email
3c3a14af4f,email,email
39aaba8d77,email,email
11b8760c9a,email,email
4b63da16ac,email,email
6624716724,undef,undef
ce43af3e7d,email,email
59398caf85,email,email
514114a22f,email,email
214fdf164d,email,email
d897430e3b,email,email
28d46798e9,email,email
61a10fbaae,email,email
2fa251102f,email,email
9ff1e48a9f,email,email
537b3fc466,email,email
faee1a850d,email,email
281bb1eee7,email,email
39e40c6898,email,email
8f8ec4023d,email,email
76ab41a335,email,email
0e714a4556,email,email
c7268c1a4f,email,email
2509059936,email,email
91489f37f4,email,email
5108c6b3fa,email,email
ee9e67dba8,email,email
60c3963973,email,email
36e6708802,email,email
1ed02fb694,email,email
bd56ab0e00,email,email
5c322356c5,email,email
f09c08b471,email,email
795343ac68,email,email
528a444196,email,email
1f48c15407,email,email
1adb7a4b63,email,email
f193c8e23f,email,email
b890202702,email,email
ed96a59f7b,email,email
74edabbcdf,undef,undef
80d0f09348,email,email
7b5f9e9b75,email,email
478d9c83e8,email,email
0514aeda47,email,email
2498fe8a1a,email,email
6d83caae60,email,email
c6a1d5929b,email,email
1831ab22db,email,email
22ab449705,email,email
8b6bb03cbc,email,email
0ef3a144b2,email,email
6074f52dbd,email,email
40701ffc71,email,email
af029db89a,email,email
dc1a7f8f16,email,email
ef0528dd89,email,email
12b404f886,email,email
09eeedecc3,email,email
092169e4cd,email,email
106475112a,email,email
39b7085850,email,email
a8ddc237be,email,email
3d35d9474e,email,email
ebf75280e3,undef,undef
a24256f4ad,email,email
f9ef23203d,email,email
4e2261b4f5,email,email
f8861413c7,email,email
362a0ff111,email,email
a2ace6375b,email,email
d77aeebf55,email,email
30411d1f25,email,email
b89bf07ccd,email,email
0b89c50d7c,email,email
d778b30921,email,email
8924fe8fee,email,email
5177666b61,email,email
e0fa66f8ce,email,email
c6ecd70569,email,email
e1ddcd3f4a,email,email
36daaa0a46,email,email
c264679818,email,email
7f0210eb75,email,email
3c4ea2ea68,email,email
124307cc58,email,email
80c4d512a2,email,email
7645f6440f,email,email
ac382217b3,email,email
3e1280ec2e,undef,undef
687229b0d2,email,email
21dae58c52,email,email
7a9c418116,email,email
73183cb6a9,email,email
51bcd87464,email,email
23d15b3045,email,email
2d9f825cd0,email,email
da04cc3391,email,email
e44fbb54bb,email,email
297822d18a,email,email
9a704f7a7c,email,email
11cb129e3c,email,email
4561629920,email,email
8c7ccd4f80,email,email
0613c90a10,email,email
b558763e64,email,email
a693275735,email,email
3da4237375,email,email
15ec5dd6e8,undef,undef
18c27815c9,email,email
54de887f37,email,email
49c811b080,email,email
d99f38a149,email,email
a32e6362b0,email,email
03bed68091,email,email
63cf599d57,email,email
ba8fd597bd,email,email
65dfa09742,email,email
09a1baa10f,undef,undef
bb7351714f,email,email
920ebb0c16,email,email
6293f2242e,email,email
984a4f6d6b,email,email
092de10761,email,email
62d78a19d9,email,email
09d7766594,email,email
3ee2332620,email,email
85a641512d,email,email
e41c14d515,email,email
816ba4ba56,email,email
9e87f50b9f,email,email
97f1872a50,email,email
922e0d4f27,email,email
830e684db4,email,email
0d27d5156c,email,email
92284b2808,email,email
6743b13fec,email,email
c28e8b46e3,email,email
5bf477380f,email,email
40767a27d4,email,email
db546d676e,email,email
9e87f60c71,email,email
299250d936,email,email
1e29458843,email,email
784446d427,email,email
2d233ec34f,email,email
82a4451e0f,email,email
044a748727,undef,undef
4b240fbb26,email,email
65bc54277c,email,email
92af4ccb6a,email,email
3f6fb778c8,email,email
ca78eedae1,email,email
eb1637aa23,email,email
5d9aa3c2d3,email,email
997b2764f3,email,email
f52d5cfd5b,email,email
f226f8fd87,email,email
dcd49491e4,email,email
1867280b18,email,email
ab3ee8a1dd,email,email
fbea4338c3,email,email
e14bdde162,email,email
8b753d7bbf,email,email
1cdb10738f,email,email
b59bd5c31f,email,email
3a5bed5d8f,email,email
b5b1e0ef8a,email,email
945baf1f54,email,email
b9e1a3d2c8,email,email
d3b0e60010,email,email
e25d440b3a,email,email
444e8a3c8e,email,email
16a75e157e,email,email
1877613c5c,email,email
a05895aced,email,email
8a11c97765,email,email
5f3e75169a,email,email
2beff2d87c,email,email
0b1179c1b7,email,email
0b8e9bdbb4,email,email
f75fdc58cf,email,email
2dbb511cdb,email,email
b6ca161fff,email,email
ba5681e39c,email,email
d5259c8a57,email,email
c6a8f9352c,email,email
a406d604e4,email,email
760e155a64,email,email
a7d42af17d,email,email
0c12a08297,email,email
f88784bbce,email,email
4b73f417ba,email,email
ed5d3c6035,email,email
94ee781a88,email,email
6f2d8fa642,email,email
f32f439bf5,email,email
8b2716aa4c,email,email
6e72c719c6,email,email
38d7192d44,email,email
9d12c58c61,email,email
a018002eab,email,email
2f2568e25c,email,email
5b6df400f7,email,email
d03e53a0f0,email,email
4860d388aa,email,email
5edc93e6f9,undef,undef
22974daab3,email,email
3c671a01d5,email,email
75014e2484,email,email
fb55e01476,email,email
daabcc405a,undef,undef
14bf7cbb25,email,email
a3648e0ed6,email,email
38d5dbea98,email,email
10f0693411,email,email
91460afabd,email,email
7e131c0480,email,email
387762ee38,email,email
b688a5b3b2,email,email
af829b182b,email,email
4c641a1556,email,email
097c5b1436,email,email
a00bea6695,email,email
e9b0c2a6aa,email,email
46ca599a48,email,email
c04183dc0b,email,email
4f61e526f6,email,email
aa62a73aef,email,email
281e2d2b1f,email,email
5be5a2e97f,email,email
fd6efb2eb4,email,email
518b1065b3,email,email
e21eb3e2f3,email,email
5e66771e9a,email,email
752cdf0b33,email,email
2510ba502e,email,email
757d15c4af,email,email
c477b076cd,email,email
4fc203e993,email,email
dc5ca8c3c5,email,email
ab2f4b057d,email,email
974008c8ff,email,email
183106d5f6,email,email
81fcbdfec6,email,email
3cf8b6ff4a,email,email
888b1872f5,email,email
5bc4731c39,email,email
3a1d3f160a,email,email
ac91df88e8,email,email
86de8b0318,email,email
714cc5bfcc,email,email
782ca30da5,email,email
1b07c5cf9c,email,email
906939182c,email,email
c1b790f757,email,email
0d866d41b7,email,email
064a7aaac5,email,email
dbe2537a3a,email,email
eb61fecba4,email,email
6306e5fb9a,email,email
34aecad7d9,email,email
cf0dbc873b,email,email
edd2351118,email,email
9235c12ee8,email,email
090b25bc78,email,email
5cd9604fbd,email,email
e4afeecc72,email,email
4f5d09fd90,email,email
af3824c963,email,email
24f16ce7b6,email,email
554b6bec48,email,email
e9a308c319,email,email
1a7b8bde43,email,email
780194772f,email,email
529d6635e4,email,email
2ddb22b029,email,email
9e5a3f71b5,email,email
dfbc4f6354,email,email
38d72f2206,email,email
2d864561ca,email,email
c43a7aae4a,email,email
8546437a79,email,email
381e9d05af,email,email
9c099d1580,email,email
16bfc81798,email,email
dcca3f65bb,email,email
87d43130d9,email,email
487bee61e1,email,email
15758d7566,email,email
c547753da0,email,email
19652f7ce1,email,email
9fb64147ce,email,email
2208abcc00,email,email
2500d5ae2e,email,email
7608e7108c,email,email
234aff35e0,email,email
8d03cf9014,email,email
85552f53a0,email,email
b441aa639a,email,email
f3238f08f7,email,email
78e34a2b8e,email,email
11d6cec66d,email,email
5159834334,email,email
780d648af8,email,email
170820fea9,email,email
9ba6c4f725,email,email
6d608dfe5d,email,email
0a1ba2ff0d,email,email
4640a7e5d8,email,email
d420ef9692,email,email
3b10f7fc74,email,email
5e1b2bde1e,email,email
110d74e727,email,email
156e21b5d9,email,email
c0cd6c642e,email,email
129e750924,email,email
54f2325cb5,email,email
7a9adf894c,email,email
b2987aa6da,email,email
ccf284be21,email,email
6ae8e366fb,email,email
29604d9d2c,email,email
8b18c01ea2,email,email
732f2654cf,email,email
1394f72da7,email,email
80243b0271,email,email
39621693c4,email,email
d7e19eb1a8,email,email
e076ecc5cc,email,email
b86b03089c,email,email
4f01bcb4d2,email,email
a8e8798711,email,email
f3a989a0a8,email,email
cb9a4ef1de,email,email
429ea059b9,email,email
1e7ee17138,undef,undef
365cb8f9aa,email,email
5a493a7309,email,email
98f987af74,email,email
d8901167ac,email,email
708ed1e6db,email,email
9281458f0c,email,email
08d569eee2,email,email
e8058cba20,email,email
3113b87918,email,email
f7aceb1b71,email,email
4bf1ea22da,email,email
5a292985bc,email,email
53bc6286df,email,email
bf98af4999,email,email
792bc653c2,email,email
5cfe9251bb,email,email
b4a73ae0c0,email,email
5ea1c4d62d,email,email
e4f8a57c87,email,email
4fb171c174,email,email
c5adb0e1e2,email,email
61266ca704,email,email
ba05baeff5,email,email
7eb964cf5b,undef,undef
dffdde9435,email,email
15b57cf2ab,email,email
f5f42d8553,email,email
36cd332ed0,email,email
a73e36e501,email,email
05c31f9127,email,email
ddd55bf6ee,email,email
91e14a01c4,email,email
4213c60b07,email,email
37c56123de,email,email
61aec144a0,email,email
5f195ebb97,email,email
e3522334f3,email,email
5f7185d9a0,email,email
5e43502278,email,email
c6a7956b0b,email,email
9c42b40302,email,email
19c7c85cea,email,email
85734926a6,email,email
98dbaf104a,email,email
e76942f79e,email,email
6b079374c2,email,email
f9aae296b4,email,email
805a8e659b,email,email
d7cf866e44,email,email
8b0bad6499,email,email
4515a124c4,email,email
de139390c0,email,email
4a4150f6ec,email,email
d882f3c4e4,email,email
fb1d7b65d7,email,email
12a0570498,email,email
683dae70a4,email,email
348ce40b65,email,email
859fc71246,email,email
e4ec57b63e,email,email
63cf0e0fc4,email,email
be54347b73,email,email
04cd210361,email,email
d9f2093ab8,email,email
c581610dbd,email,email
f181a6a8a0,email,email
4d73d60a63,email,email
0f552b0786,email,email
52c850201c,email,email
750e751d8c,email,email
5352547a67,email,email
08a09b1925,email,email
c48202bcd2,email,email
79865d597e,email,email
a0b57a2d83,email,email
dfa132c9af,email,email
50ce5562bd,email,email
5818908e62,email,email
6674994973,email,email
b91171ea10,email,email
39387f91ee,email,email
c97d7022a8,email,email
eb6b9f86c7,email,email
bb6f5e8dfb,email,email
cbfd330366,email,email
0a6c2b6c3d,email,email
0b6e04c7ed,email,email
eb00d89184,email,email
cb28ad2220,email,email
0983693138,email,email
575c6fa60c,email,email
44ca1e1bd0,email,email
11504e9029,email,email
0c9e3be920,email,email
5654778345,email,email
5db6831f36,email,email
bdf50049e5,email,email
ba65bac13d,email,email
fd8cf6f5f3,email,email
d3e519720f,email,email
2103a499e1,email,email
96a28d9aa8,email,email
9a4e47af8f,email,email
779aaf12e2,email,email
b1dbe6d661,email,email
f9bb0dc83b,email,email
3089f05d05,email,email
2dd80556eb,email,email
e3e107b1ac,email,email
46818cf5af,email,email
9de3e11736,email,email
68d3292093,email,email
62a4b46137,email,email
c54bfe6cf7,email,email
fc26a6c93b,email,email
170840bd0e,email,email
bd7f16cee5,email,email
3381514547,email,email
d94e0256be,email,email
7472c3aa36,email,email
cbc4ee9ee9,email,email
eae02b9051,email,email
5f305b85c4,email,email
e4d5b2c6c0,email,email
e3a9feb41e,email,email
2d5a06c0dd,email,email
008c746be8,email,email
001aa4ea88,email,email
2fed5ddd5f,email,email
4540d97ad3,email,email
19f6653f50,email,email
c7a1bd405f,email,email
dae098361d,email,email
93a44b8034,email,email
efb2074593,email,email
fd47d91323,email,email
707d632cf1,email,email
03dc0d55b7,email,email
ddd3b20ae7,email,email
417bbd32ff,email,email
0932231702,email,email
cd5bc62cc9,email,email
01ba1c5a8e,email,email
16772f345b,email,email
6eefe39cbe,email,email
3c7267bb8a,email,email
dfe2c10d35,email,email
1eab15754a,email,email
21737b3f33,email,email
f6853aa28e,email,email
444ab66575,email,email
e3e8195fee,email,email
89f425f058,email,email
b2a6bfd554,email,email
0ca46142de,email,email
3882b0c356,email,email
1fb38891b9,email,email
cc6520c807,email,email
4a93033b23,email,email
5329c6b1a0,email,email
0762e5609a,email,email
30fdbd1cb9,email,email
fa11d948cd,email,email
7eed91fff6,email,email
67309cfe64,email,email
f73fbf7613,email,email
ac9adfcdc8,email,email
ee5b41b3a6,email,email
5e5d5b005e,email,email
5bf0716b2a,email,email
beeba9cbec,email,email
be20cd2dc0,email,email
9ba4ec559c,email,email
b3828c905f,email,email
d9cc6b9abc,email,email
57e76174e0,email,email
b1026406c2,email,email
0897395cfa,email,email
ccc37d9e7a,email,email
bf4e4f6796,email,email
969736d323,email,email
6f30feb60b,email,email
c64c1f8f33,email,email
c266a18dcf,email,email
3c433ff552,email,email
e539011a1d,email,email
e637f225ca,email,email
4a8791df9c,email,email
e6a9e8528c,email,email
7600cc9395,email,email
043fad0d5d,email,email
c0a7d32ea9,email,email
7fdf8d578a,email,email
40d889a1b9,email,email
b803fb21b6,email,email
0eb295603f,email,email
6ad1d31bac,email,email
3864f5f8eb,email,email
4667ad4d6b,email,email
02650a8528,email,email
9f6af6b0b6,email,email
2ee8c0b514,email,email
ebad6df2ea,email,email
ed3a9cc240,email,email
c99eaed023,email,email
c86c3503f6,email,email
704fc81fd9,email,email
23241e4268,email,email
d3d3175abb,email,email
24ff152320,email,email
35a14d8a4c,email,email
c3cf9e24df,email,email
a3a49a2075,email,email
59abf5a44b,email,email
8f01b19ae2,email,email
746cc75e29,email,email
d6dea143e3,email,email
fa5ec57ac2,email,email
2f4bcf6d65,email,email
b2e9cc4909,email,email
d49a81065c,email,email
8130c6306a,email,email
f61c1ed199,email,email
44a876e4bf,email,email
2055a17135,email,email
a2d0972b37,email,email
e574a2002c,email,email
c2cc8c5fdf,email,email
ed929dcc8e,email,email
db6e5afe1a,email,email
79d030803e,email,email
e2ff5e0758,email,email
52caca04f3,email,email
fa6663fab1,email,email
2279ae22a8,email,email
bc856d5676,email,email
4b5fb2c2ab,email,email
82d106ebec,email,email
befd60239f,email,email
e459c490d2,email,email
6ee659b062,email,email
c72d4f138d,email,email
56a99af4bf,email,email
33af3f8b1d,email,email
3b1efa116f,email,email
feca7cd3d0,email,email
0106a620a0,email,email
708cda3ee1,email,email
50fc0baa85,email,email
b087ab1c1e,email,email
90f0f45c20,email,email
adaaac6b45,email,email
580d0dd5b7,email,email
20b8db0fc8,email,email
bbe3168b2c,email,email
bd2795635f,email,email
ff85453ffa,email,email
1414c00555,email,email
d19013bf7a,email,email
d7c8799f75,email,email
f5302d2906,email,email
3ff7ae3879,email,email
bfe8728113,email,email
20d2a92be4,email,email
e7a7ceb7b8,email,email
9e745d6768,email,email
d691e6bb55,email,email
3ed1ab6198,email,email
2ab56dd73a,email,email
a041ceab56,email,email
81c51ff89a,email,email
5a377adf58,email,email
cff6172d01,email,email
95ca74ebd5,email,email
84fea8d838,email,email
b9415b3890,email,email
822f7fa65d,email,email
53eb90a458,email,email
8e8dfc7cdf,email,email
fd8175eff0,undef,undef
751709326e,email,email
bbd87543c8,email,email
3c430dfc87,email,email
4415491103,email,email
b6fc42befe,email,email
2377f9cf41,email,email
58ff92be7b,email,email
aef276e79d,email,email
cf334aedb9,email,email
c923e87844,email,email
e5f1a77b54,email,email
a1bd341858,email,email
34a8d3cb28,email,email
89829ea69f,email,email
3032023e2e,email,email
2d9debf919,email,email
752d437ae3,email,email
1f38b45310,email,email
37d652dba0,email,email
5355c9382b,email,email
f9515dcdf9,email,email
fd074b2c52,email,email
0303fe0077,email,email
5d236a3901,email,email
d5d4a0db4c,email,email
1863a227d2,email,email
dffd56926e,email,email
c545719354,email,email
252a48bd70,email,email
2a8a2ff18a,email,email
6d6129ba60,email,email
540d711e41,email,email
e4e1cfef9c,email,email
b2a313e59a,email,email
c603a7d789,email,email
93104ef748,email,email
7938f4dd43,email,email
d048f2d80c,email,email
83e7cff2b0,email,email
e107f21148,email,email
1157f68c17,email,email
f97f35ece7,email,email
03a4f77580,email,email
0f39784995,email,email
b0f9648f2f,email,email
f291e13658,email,email
70ccb698b1,email,email
3868741459,email,email
9dd7fd47b3,email,email
c165fd123f,email,email
4b602c8d50,email,email
c24ee8a427,email,email
78a8858663,email,email
98440503ff,email,email
f9f8b5edf8,email,email
5a4bd543ac,email,email
fda0069ba4,email,email
369a755a4e,email,email
ca6c8e6591,email,email
97af7e5944,email,email
03ba1ae9bd,email,email
e693c07ab6,email,email
66e73b4a39,email,email
4d58772ad0,email,email
dbf6403fcc,email,email
9dc4873f2b,email,email
6aebc9a93d,email,email
263d6044c9,email,email
e4bbab7b97,email,email
2bfc5a3c50,email,email
147420af90,email,email
b17d34f1dd,email,email
a5b110a65a,email,email
11309cc054,email,email
17557c326c,email,email
12049fda1c,email,email
c6ded41437,email,email
6d23035ecf,email,email
f8eaea756c,email,email
9adc27e737,email,email
0d10a96a07,email,email
a4d32fc594,email,email
bb982e10ea,email,email
eca33b91a7,email,email
3d5b4d0e24,email,email
2303ff05f7,email,email
8775812683,email,email
93030da1ef,email,email
972ca14bf7,email,email
2dcc7cb22a,email,email
7ab1d2224b,email,email
83c0f01727,email,email
27302fdd14,email,email
4cec218388,email,email
10e8218c12,email,email
acad8efe86,email,email
7ca30cc62e,email,email
5ac380cd24,email,email
677f5651ef,email,email
a4774e9135,email,email
a2b184c05a,email,email
e1fb2cce62,email,email
1f416eb9a8,email,email
0bc8457f69,email,email
46892ea574,email,email
edb69b6a05,email,email
56c5527df7,email,email
d6b3a5bbc7,email,email
d345e2633e,undef,undef
56d04fdc56,email,email
04d60279ba,email,email
306969f542,email,email
24f1d0a117,email,email
ffbd10839f,email,email
8364868c0a,email,email
7682b10b4a,undef,undef
9f42b301a5,email,email
d96a1fef3e,email,email
680c518091,email,email
add63bb856,email,email
2d9ccdffeb,email,email
9f5876a636,email,email
541f85f0d8,email,email
1d8e6ae3b6,email,email
fa1c70261c,email,email
ae5c181ea7,email,email
081c41c7ee,email,email
9e7d6c41fc,email,email
b8ec2c7955,email,email
d0f46675cd,email,email
8ce4459afb,email,email
802b99e1bc,email,email
a3e8d9298d,email,email
b19afda9b2,email,email
03a14d241f,email,email
0c34ddb283,email,email
573c5a3614,email,email
bc5383492f,email,email
3d49be4e7a,email,email
de3f5f3983,email,email
3b2f1c448a,email,email
8d3f5926db,email,email
7ece2b6339,email,email
529407237a,email,email
2027546dca,email,email
3011e6faf5,email,email
05b005535e,email,email
44cb678b41,email,email
265ce3594f,email,email
f0b4f3cec6,email,email
b1245271e8,email,email
d6ec8fc90e,email,email
8b0a065519,email,email
3a332505f3,email,email
98af1c263c,email,email
1625a909a4,email,email
155ad41131,email,email
c3f88ce38e,email,email
0e2602c870,email,email
b0a7f148c3,email,email
51fb63c62d,email,email
e0e2dacf80,email,email
5d2e6c4aaf,email,email
c08928020b,email,email
6417976826,email,email
2034160bb3,email,email
21f6ca358f,email,email
453940c1a0,email,email
a8ccca5f4f,email,email
df5a6e7c3b,email,email
007ad9eb6f,email,email
ab341284dc,email,email
3db10c47b4,email,email
33b9590d6d,email,email
a6b24ca0a8,email,email
88bdc7a1eb,email,email
314b4cb15f,email,email
ca22b4e7b3,email,email
02465d21e1,email,email
ba519bf731,email,email
8ac90c95f0,email,email
4b2fcb7de5,email,email
d82390a1bf,email,email
369e06304d,email,email
56039ce0e7,email,email
d7009878cd,email,email
fdc75a9994,email,email
16a1f1f098,email,email
89afc0d590,email,email
26c5513e93,email,email
f35af89f71,email,email
bbefc7c534,email,email
8c7e319b18,email,email
fc5e9b286b,email,email
7488fef3b5,email,email
88344cad44,email,email
bc8a775803,email,email
084d9c0a79,email,email
8627fa6e1c,email,email
73eb49e435,email,email
70d7850b53,email,email
d9f7258da9,email,email
7ffb99a0e6,email,email
50ed265964,email,email
5ed0b3cd8f,email,email
66b2653e6d,email,email
987c3fe964,undef,undef
26f1fe1b93,email,email
9f9a030031,email,email
1550721669,email,email
f6d1b70ece,email,email
9a1960c824,email,email
de40b31fd2,email,email
d96fc8c1ac,email,email
a5d4d7492f,email,email
0c044b1eb1,email,email
71a58e0519,email,email
0b432ab895,email,email
19dff03fa9,email,email
8e22d49e47,email,email
bf05837ed3,email,email
6da643e385,email,email
3c0514552f,email,email
d0aded0d05,email,email
6e0fb6edc3,email,email
92164a739c,email,email
f996f0e1a4,email,email
b2ab5efbd7,email,email
1557e8c901,email,email
f756a0ad69,email,email
d3e7a5e398,email,email
3b6b5a7cdc,email,email
ef7bc4b972,email,email
9518d950fe,email,email
ba96932092,email,email
03c79c002d,email,email
e359324438,email,email
a0b45bd608,email,email
768e000b3a,email,email
f7c8675a80,email,email
8ebd34506f,email,email
e77ae44c85,email,email
08302dc2f1,email,email
e3759082d4,email,email
96c697b2a2,email,email
d36877c23d,email,email
1529b36d69,email,email
f2d6106794,email,email
8e2a9b4cf6,email,email
68421d816d,email,email
43f1cd33d0,email,email
486c0b424e,email,email
902bb5bec7,email,email
04788ce67f,email,email
a6130cc321,email,email
cd4ceab551,email,email
c9251600a7,email,email
0cfcf5f475,email,email
e4f67b47ea,email,email
5e3bcd233f,email,email
4287e1c554,email,email
f40019881b,email,email
e3dfd025ed,email,email
7568903b17,email,email
e1adadc4a2,email,email
0567ff6dce,email,email
6de5e13507,email,email
6800a32c02,email,email
1cfe1d12bf,email,email
4cd8b17281,email,email
321e8332e8,email,email
26b70d4ff6,email,email
ef104462e0,email,email
beba747d6f,email,email
e466b00045,email,email
a1c3cdb185,email,email
d8f29db92a,email,email
f699c10db4,email,email
ee3cd60571,email,email
1d4ec27538,email,email
2183274104,email,email
059bc5793a,email,email
1ee6783d7c,email,email
a4cf21dc50,email,email
a2210a7f0d,email,email
7b1f836847,email,email
fb71409d02,email,email
934b9138b0,email,email
4fc15db61c,email,email
df9231dadf,email,email
5c98a666b1,email,email
a7e5057574,email,email
0ab24c3211,email,email
e6437337d5,email,email
f871eaff89,undef,undef
ab623a4faa,email,email
781f82550c,email,email
fe0b63b1d3,email,email
10c46ca434,email,email
65707cedee,email,email
dd5d78d692,email,email
ac51c875b8,email,email
3424f4ced7,email,email
44aed46944,email,email
09e017d47a,email,email
1d49c7b1c3,email,email
e6ad6a0ab1,email,email
dd75db1c1e,email,email
1e2b57a439,email,email
8493eb3b78,email,email
06130ff505,email,email
0b763464b7,email,email
5abfa7a475,email,email
f5def53a3a,email,email
ae045faa4d,email,email
562e7ae9b3,email,email
fb969fa6fd,email,email
91eb09fb9b,email,email
231a0c8953,email,email
ab1b95776c,email,email
74ce16e58d,email,email
0f39d4fd1d,email,email
ef740b7457,email,email
9726b17c25,email,email
adf28185de,email,email
297518c551,email,email
9e56e4cf08,email,email
7faec11284,email,email
5d2193b504,email,email
18a3a3d69b,email,email
14a0b61be2,email,email
9a91d043d2,email,email
0b31662913,email,email
43da013d8f,email,email
66e832e752,email,email
789a488f26,email,email
5bef0a5e7f,email,email
aaf33daf32,email,email
b8571f2a7b,email,email
b8dcc6b178,email,email
d2536a1fc9,email,email
5ab9981fa7,email,email
6da4b7910e,email,email
9e3f6e564d,email,email
6ac737e321,email,email
43745ce5af,email,email
cbe049f535,email,email
aec09ca26b,email,email
12889a16ce,email,email
9fcab53cb5,email,email
6283454a73,email,email
f0a90ba957,email,email
a9cb694a10,email,email
57a51a3d81,email,email
11db14baed,email,email
0e49b2fa63,email,email
d061fd050a,email,email
91c0660533,email,email
d7aad404cc,email,email
dca582792c,email,email
bce2ec5aa2,email,email
072bae0377,email,email
02a03b9a7c,email,email
1bc9991e32,email,email
2806808a40,email,email
2b80bb5229,email,email
336bd1b78e,email,email
5983678c72,email,email
b0ddb8a641,email,email
c4c0d78a03,email,email
d8a5aa8e77,email,email
34b96b717e,email,email
1a84c16ac7,email,email
9a88d32ccb,email,email
8cf3ce6a23,email,email
5b0ccb054d,email,email
9ff63e011a,email,email
b51aedfe0f,email,email
769f9a087d,email,email
79ee3a8682,email,email
f68f2f229d,email,email
d1ef96809f,email,email
3695c4761b,email,email
d04bb97f3b,email,email
c4999a67f1,email,email
6d8110cd5e,email,email
5b05e22c68,email,email
ab05a7da3b,email,email
bcafc1da49,email,email
16e8c81692,email,email
739fe8dfa8,email,email
5b2e35e06a,email,email
e077a8c386,email,email
09bc23b07f,email,email
caf2200095,email,email
01b5fb833b,email,email
6029a7161f,email,email
44bcc0d4e0,email,email
a109c07eb6,email,email
46aa73c6e2,email,email
867866cf4e,email,email
f340e80ced,email,email
86853f68b6,email,email
101a62fa91,email,email
f89e367715,email,email
7526fd9379,email,email
caf0c848e1,email,email
5433839621,email,email
7d6b018bf7,email,email
3fc74e4542,email,email
e7247af8ed,email,email
154afcc6a4,email,email
50a1fbe8a3,email,email
00431601ee,email,email
c6d0e8a608,email,email
40c490f66e,email,email
d29de0f131,email,email
3e95e2d8c0,email,email
5e090bf2dc,email,email
e96f573e70,email,email
1a40fddf04,email,email
0fad305550,email,email
dac5595ee2,email,email
72c3f22cb2,email,email
9f7f00ad27,email,email
fbb289a6ca,email,email
0e4c1eb61e,email,email
114689bda0,email,email
75e88cf12a,email,email
566ef4ed78,email,email
083f5bb22d,email,email
0590b51642,email,email
180abb2d73,email,email
457a16e229,email,email
8010ab757f,email,email
3c7385c3cf,email,email
fb60b19a17,email,email
4cea8bd022,email,email
c6b3a5b383,email,email
5756a08ea5,email,email
43ccfe03a4,email,email
7a0c73143b,email,email
c4a5cd1461,email,email
9cb23728ec,email,email
69fba0ef67,email,email
1fd2f43ccb,email,email
707ca92970,email,email
be10796366,email,email
8041d279f9,email,email
8755e4b4e9,email,email
49a1f7bda4,email,email
4c22933f0f,email,email
427c19e39b,email,email
3ab62bd6d9,email,email
59992f1478,email,email
843a717da5,email,email
0eaa11d16a,email,email
7b4db22bab,email,email
965c640169,email,email
5ee09da9e4,email,email
e4681f87f6,email,email
753bff30e8,email,email
e0a2e954b0,email,email
eefccf84bd,email,email
0600143f22,email,email
2f9af5345a,email,email
5a51bfe1fc,email,email
2a598d8e33,email,email
2e3368c210,email,email
5b39b4441e,email,email
c5eb2a8a61,email,email
3a28b78b04,email,email
2b03494b3b,email,email
315957b72b,email,email
eda5dd31e1,email,email
f6b911b53f,email,email
0449d78163,email,email
e3c40b8e72,email,email
c963b0132c,email,email
86569102b7,email,email
3f03b3b3a3,email,email
827f4df70b,email,email
9fde7ca774,email,email
6f5c525d95,undef,undef
f3501a143e,email,email
b9de26a727,email,email
74cbcc7115,email,email
2c3ecd9123,email,email
a51fdeea97,email,email
1e400c0c41,email,email
21e8e9681d,email,email
71b122a470,email,email
435298c3e6,email,email
a59b26bf27,email,email
0fa0f8549d,email,email
ce928b81b7,email,email
fa5719037d,email,email
b273599ab2,email,email
95260d2fa5,email,email
7553e38be0,email,email
6ce3dec5dc,email,email
bcf8e87c78,email,email
ffbb9fa36e,email,email
720762abd0,email,email
eb1a0e5531,email,email
976441dc93,email,email
d5081833ac,email,email
23f1254170,email,email
6dd5022348,email,email
c892da617f,email,email
d2090dedfc,email,email
6aabdbb340,email,email
9bd7f36011,email,email
8006fc8021,email,email
d3c35289cd,email,email
6a169e1640,email,email
a22c441a47,email,email
9b10f10e8e,email,email
6db540908c,email,email
8a26e2494d,email,email
b69deb4fff,email,email
88747cf8a8,email,email
03d33285d0,email,email
9d66719525,email,email
a2cbe493bc,email,email
34ad6193d0,email,email
9983775508,email,email
e6b94000f1,email,email
ad360363ea,email,email
b770928a9c,email,email
56f0a21ecc,email,email
29840ad53c,email,email
a503d2ccff,email,email
0561515645,email,email
385261c2a5,email,email
c6a62916da,email,email
595dc693fc,email,email
36f645131e,email,email
0dbeb9ac56,undef,undef
cf2c0664ca,email,email
1b37b0fd4b,email,email
5e5d76354d,email,email
b9de08d554,email,email
3bfc4b141d,email,email
f168944e89,email,email
be09462249,email,email
9bf81c5a5c,email,email
d265b53d03,email,email
a1cd9a77d3,undef,undef
1d35109cfa,email,email
6486ce9ad7,email,email
6b1fff052d,email,email
ed8e1e5ce4,email,email
093cbf9841,email,email
9f8301a8a6,email,email
086948bb9d,email,email
f74f5b06dc,email,email
641f384521,email,email
6052110fe0,email,email
c16d3de26b,email,email
5e19360e50,undef,undef
2b6b1a2382,email,email
52a95cf64f,email,email
086ed7d3d7,email,email
ce1155d612,email,email
5f279bbf62,email,email
153a7d96d0,email,email
49bbb57b3d,email,email
2e136f9428,email,email
01aa8f2d65,email,email
2eb1b51986,email,email
66c229c189,email,email
1ef2fa889e,email,email
d015dfba53,email,email
2903a8d8c1,email,email
56e7f5dec6,email,email
84da537d31,email,email
1b25e246e7,email,email
fadadcf25f,email,email
6840ef4ab9,email,email
d42db6b15f,email,email
6ec6073c1e,email,email
426e22ab21,email,email
ff54a01501,email,email
5efb32aacd,email,email
8803f591c9,email,email
a1f73314f8,email,email
89580aadfa,email,email
027284a9a4,email,email
5e6451de5a,email,email
45a82d6458,email,email
e7a978161a,email,email
5c5b1858df,email,email
09dc990b35,email,email
55ff3637af,email,email
80c6d69fe7,email,email
93e7a0ba33,email,email
59c73bda2b,email,email
c762cd6af1,email,email
1f4a45a5fd,email,email
713159909a,email,email
36197a7b13,email,email
a61aef9384,email,email
df7a35bdb4,email,email
67a183b25c,email,email
ab75f573b1,email,email
32fa023cd6,email,email
1281263ffe,email,email
0a48b4c85d,email,email
9bec7ee5e1,email,email
f80bd5b852,email,email
95e68dbd65,email,email
a72edd4639,email,email
18fe2e974a,email,email
f7a631411d,email,email
98f57182f2,email,email
925e1ec157,email,email
4e88f1bda7,email,email
512f75dc4b,email,email
6c846668e0,email,email
b00d0b485a,email,email
70367ec321,email,email
ab2b6815cd,email,email
c78266615e,email,email
31937e929f,email,email
fd996431a3,email,email
2f85ec021d,email,email
d12622cb34,email,email
d6ba5d325c,email,email
52e06ec671,email,email
7491de7f01,email,email
4c35702ba7,email,email
072676776b,email,email
68b36ca66b,email,email
39f1b5b7a7,email,email
5438a6503c,email,email
c463c0548e,email,email
7e164e2ee2,email,email
45f02a8905,email,email
6e9638fa0d,email,email
44ded803c5,email,email
957185dae3,email,email
b2d0638c99,email,email
a3d5f0e393,email,email
d1cb3cf7f7,email,email
e76a0aea26,email,email
385aa8162f,email,email
dc7a1e0602,email,email
dc0c218dbd,email,email
151fae263e,email,email
8b3a11948e,email,email
9318121da7,email,email
60321ddd44,email,email
06938700ab,email,email
3a7114bcbb,email,email
5df65332a5,email,email
82639d1ec2,email,email
a5704ebdbf,email,email
a1ad56c6ce,email,email
d1b41135f8,email,email
0cb1fee559,email,email
0b15fcca32,email,email
2a3e0c7b4c,email,email
76690911ac,email,email
c75b5be476,email,email
8490bce6c2,email,email
5943c65f2a,email,email
0379faca08,email,email
5ae247af82,email,email
e499c4419b,email,email
dbebc0939d,email,email
7162c4a7e3,email,email
7438c10d4b,email,email
751ad19882,email,email
543a1cce7e,email,email
4fcab8cc82,email,email
affa7e4cb8,email,email
d67acad30f,email,email
7af6ad621c,email,email
7ee099b5cc,email,email
f50f914c92,email,email
129ce6e7e2,email,email
618564fa5c,email,email
52d7b7581e,email,email
20dae53198,email,email
d3667d3a0f,email,email
8ed40d06dd,email,email
1218320b36,email,email
ddf6c66d0a,email,email
997a9504a8,email,email
fc69ca8780,email,email
0bdc30acea,email,email
431d3671e2,email,email
ae0c5acdff,email,email
9f5eb4dd91,email,email
6822091b77,email,email
b5898c2f7e,email,email
08bfab5a57,email,email
acef1bf3be,email,email
1b8200b8ac,email,email
97a6c868eb,email,email
6c0b04600a,email,email
965154f496,email,email
a822b332fe,email,email
3b4aa89acd,email,email
59871e4ca9,email,email
4cc93f052a,email,email
c13b66df89,email,email
e1df504f10,email,email
9bee877ad0,email,email
0ee4f5af8b,email,email
a4c3734fe2,email,email
0e8ed99d77,email,email
cc8d5a52d1,email,email
945e33ff7a,email,email
a87033c101,email,email
d6f33c11ac,email,email
764a30d872,email,email
939762a13f,email,email
2e274869f6,email,email
a4c848b7f3,email,email
304106eba1,email,email
18385eaa07,email,email
9a3f85af74,email,email
2d78b5edf8,email,email
c026e4b378,email,email
1a3805afc6,email,email
3b772f678c,email,email
0404ca37e8,email,email
85cc96f7ad,email,email
bb9c6a01e4,email,email
5c491d34b6,email,email
244f616cc5,email,email
d9dfdb632b,email,email
fcb82d183c,email,email
bc3ae5d48a,email,email
8cb3e65b73,email,email
6a1a51dfa8,email,email
9d9b05aa5a,email,email
4071d5e865,email,email
5f25b74404,email,email
36568dd896,email,email
2b14d875f7,email,email
25ee487caa,email,email
c8faadd7b1,email,email
fad36c664b,email,email
892cdc73c7,email,email
e0ec43474f,email,email
34ffdc63e8,email,email
60df8a9964,email,email
47e82cfc75,email,email
1905dbab6f,email,email
7da2d2ebe7,email,email
0d432eb098,email,email
7884bac5ba,email,email
60db5aea04,email,email
01220b9c68,email,email
777ec54f24,email,email
a79c6f5a5e,email,email
a89c18aca8,email,email
dc303b1b6c,email,email
c61df056b3,email,email
4a00751f02,email,email
2b39f7be8e,email,email
58ce09c075,email,email
8ff5eac62c,email,email
bda072db09,email,email
a9ea5c89df,email,email
083642bfc3,email,email
a14039bea8,email,email
407047d138,email,email
987210d9e9,email,email
8de0a05028,email,email
f3da75150c,email,email
1d5a1c2c53,email,email
718635b810,email,email
0244f6f29c,email,email
186314f989,email,email
0f3d6d9353,email,email
988b97a0b3,email,email
af1f1d7482,email,email
21d4ec883a,email,email
5333490def,email,email
17bbf26808,email,email
a23431241e,email,email
1d7245e58e,email,email
f99016b0b9,email,email
a9eb96a7ce,email,email
d890f3b590,email,email
cace13a385,email,email
f52696e4ba,email,email
a968d35b8a,email,email
ecacff3277,email,email
f0b0f57b30,email,email
a53eb276df,email,email
fa5b4c16af,email,email
d95189abef,email,email
95315e98b4,email,email
71484b79e2,email,email
3be4ffcf1b,email,email
ace2ef08a3,email,email
757be4d1c6,email,email
dae5f482df,email,email
54d959e614,email,email
9942d8a5d7,email,email
e9febfb922,email,email
42f019c7b9,email,email
9589539fb1,email,email
711e76c0e2,email,email
617477ba8f,email,email
0f3f40c799,email,email
ef5c7e02a1,email,email
994ecf9dfd,email,email
fafe563aec,email,email
dde94b8818,email,email
f65d1baab9,email,email
f3ac091737,email,email
d6735b7773,email,email
4f2e09f55d,email,email
9846edacc2,email,email
8db556e3bb,email,email
6c0572ec1b,undef,undef
4853bb4526,email,email
4b25ce23e8,email,email
249762e0ed,email,email
aca077b25e,email,email
8cef40e0c9,email,email
e7399cf48e,email,email
9e9f534a16,email,email
d7fd475977,email,email
f89a90cbc6,email,email
0444c55f64,email,email
46a3a6a139,email,email
226b86d991,email,email
6fb00575fb,email,email
f96462c0c0,email,email
1dc9ce0cc7,email,email
1f27669b15,email,email
ea756f5eb3,email,email
46503a627c,email,email
d59986d24a,email,email
82529e3522,email,email
1a634508e8,email,email
da64351f71,email,email
d5ae16caeb,email,email
19107f3ee9,email,email
c0dc723a22,email,email
820e1f0de6,email,email
24c3a79789,email,email
211fc38975,email,email
86a1a21480,email,email
b426d417f2,email,email
f8061a594f,email,email
04ec6feb17,email,email
2a1fe1b452,email,email
bd3727f310,email,email
a9407a3c4d,email,email
936a024fd6,email,email
2e8bad6160,email,email
280b84d589,email,email
381efe51db,email,email
8fac4d9ea5,email,email
f6ce5f2a66,email,email
c8c2470689,email,email
82bb1b06bd,email,email
532b8bfba6,email,email
132d048647,email,email
d3fbf10025,email,email
24b273cae4,email,email
3f307dc5ff,email,email
d4142195dd,email,email
1c93455820,email,email
5f0b81d915,email,email
44eea76854,email,email
721c94109d,email,email
dfaf02eb70,email,email
fe72153cbe,email,email
6d23bdf771,email,email
a7eaf5b06a,email,email
d816967df3,email,email
b4a817ccf5,email,email
2008b1fabb,email,email
e5f279b441,email,email
8399e6334d,email,email
1e66f9daa4,email,email
479309aadc,email,email
fcde88b671,email,email
0a5c93af6f,email,email
0b61e44769,email,email
43d0c51b82,email,email
f6cdaf712f,email,email
e977d74b15,email,email
391b0d3705,email,email
46169fbf0c,email,email
955d8b8bd9,email,email
a407c3b921,email,email
b0c7f54da6,email,email
991d674584,email,email
09f9384f08,email,email
240b021a88,email,email
23381878d0,email,email
4173ed4458,email,email
64120f430d,email,email
14351f68d1,email,email
2ce885d91b,email,email
035c4f7a3b,email,email
69bd71a055,email,email
20b97ddf2b,email,email
79ada4875a,email,email
483e099312,email,email
8dd0f738b9,email,email
c4bb87f111,email,email
34c02e3a88,email,email
f29e968f37,email,email
d974ada6ac,email,email
2c248ac76e,email,email
636368bc1d,email,email
ef65b15ef5,email,email
16852b2009,email,email
60e94e8ba3,email,email
39f23510e0,email,email
38e7aed57a,email,email
7e0e8f7801,email,email
808516188d,email,email
2fcae1e78e,email,email
d7208863cb,email,email
8a44ec5366,email,email
dc3d5c35a9,email,email
84b701fa1c,email,email
cb798d094f,email,email
81bf72449b,email,email
184917c7c5,email,email
a2930511a8,email,email
44e105236c,email,email
320c95eb12,email,email
de20c97f4c,email,email
cd19e40227,email,email
8ac5a538f8,email,email
3366e4e058,email,email
c1128a58d7,email,email
5ca3a05961,email,email
22153019dc,email,email
296c82fac3,email,email
afa2623964,email,email
4f315ee7c1,email,email
1e211e9927,email,email
313bf92bb6,email,email
14fef71e40,email,email
af187fbf06,email,email
00661328bd,email,email
78cc270553,email,email
1e68c3abf5,email,email
31bcc3132a,email,email
5735b91420,email,email
6f89296103,email,email
6a2c2f2595,email,email
8fc9a6dbf4,email,email
a30e7574a4,email,email
8293927509,email,email
4f47825a63,email,email
97e55358be,email,email
6d054a7bb5,email,email
e01d8e4a9b,email,email
b5a06da795,email,email
ad3a1037d8,email,email
ea0e3aefe1,email,email
504c9c6e0e,email,email
ed9bc819bd,email,email
383ea5f325,email,email
44e7d80bc3,email,email
0403d74b3e,email,email
23bf7567dc,email,email
644d41b5ac,email,email
6bde04c19d,email,email
64b46dee75,email,email
47b7c96143,email,email
298236febe,email,email
271c0b6f43,email,email
cebdabc94c,email,email
945623794f,email,email
b552ba5654,email,email
3494a94e10,email,email
25c73743aa,email,email
79f5068f4c,email,email
7fc3d61670,email,email
707c5bb391,email,email
a520284ab5,email,email
36b789252b,email,email
5a81d0a44a,email,email
ab21c10619,email,email
16f6530239,email,email
9e91df1f31,email,email
3f37665d54,email,email
d20470f8bd,email,email
ca0ac8f6e0,email,email
8672a44440,email,email
0995d9722b,email,email
25f451ccb3,email,email
1eb955ff7f,email,email
8cdc530761,email,email
f1791bfd96,email,email
aea555b47f,email,email
3d52655c73,email,email
33fe7fe877,email,email
6c1489b3ad,email,email
278db238f2,email,email
fc58b56620,email,email
51db93f4ad,email,email
fe74f5de5d,email,email
72c0876238,email,email
fc532eeaed,email,email
09de3b329c,email,email
b4de8243c3,email,email
ca4a362477,email,email
1546bf344f,email,email
cd995850c3,email,email
1f5203cdda,email,email
3daea39625,email,email
8db329d21d,email,email
972650d1f2,email,email
9db977b316,email,email
2c3882df45,undef,undef
439d31dcbb,email,email
e871c1a665,email,email
a131fff632,email,email
0f1b7a469f,email,email
adce4ebed8,email,email
6fe4af9415,email,email
7731f4d8a2,email,email
af7b788c76,email,email
a353e1e028,email,email
ae001c79e9,email,email
6ef8dfe014,email,email
f4b556d8b2,email,email
2c691792c2,email,email
feef0d21c0,email,email
baa27ecd50,undef,undef
2c6873f7b1,email,email
acdeb633c7,email,email
d84d8bb6c5,email,email
cda9813cc1,email,email
3d72e0c211,email,email
901f0b2416,email,email
ef0936e94f,email,email
594524f2b6,email,email
41c831e7ba,email,email
2e940e16e5,email,email
5e4b550b44,email,email
c37074f98a,email,email
9eb98caa83,email,email
4db38c4d46,email,email
56928d445b,email,email
2e2da94951,email,email
4497d1a13f,email,email
e464c8addf,email,email
72ea5e6e90,email,email
447b045632,email,email
5748b849f1,email,email
0d065c9e46,email,email
bd352b13e0,email,email
ca1b4e7c5a,email,email
3108b175c9,email,email
691999bf33,email,email
1015e25e00,email,email
d9278a3327,email,email
9d0c9f4251,email,email
9e6203c629,email,email
623d9172a5,email,email
eb7cdb309d,email,email
aea19c8d86,email,email
8ec4fbe0a5,email,email
1c740e2a6c,email,email
dacb92145c,email,email
d4217d8b11,email,email
67776dce72,email,email
d00a8018e2,email,email
e1ef99821c,email,email
6f0be6b4e5,email,email
66e2984f4e,email,email
a30b721aef,email,email
f99d5e9fe0,email,email
e6008d4a42,email,email
0f8d5e2abe,email,email
0e0fc87f41,email,email
fd11f9fc55,email,email
06859ac948,email,email
e1a045d929,email,email
dce8a9d26b,email,email
794d0f47b6,email,email
96ae676699,email,email
8346ace1cc,email,email
e5ce4182e2,email,email
aca0b6715c,email,email
65439e3f4f,email,email
c6c0c28eab,email,email
c1360aae3e,email,email
9668e02a90,email,email
de0a44ff06,email,email
a58d55edf4,email,email
70b42dfb5e,email,email
e7012c73cf,email,email
3fe300f4cf,email,email
b007539fc5,email,email
a30baf2ad8,email,email
55779c5fd8,email,email
ff9bed2a62,email,email
ec1223a789,email,email
4d2a859be5,email,email
c43b18cd61,email,email
458a2fe5e2,email,email
8e37e73d81,email,email
eb9113414d,email,email
8ed965bc5c,email,email
3e2ec10d6d,email,email
850cb36e23,email,email
783ab39a4e,email,email
e49e3db0c4,email,email
8765628a7f,email,email
a9cd75b7ea,email,email
fc5e9b286b,email,email
43a6514713,email,email
c632badefa,email,email
c1b3c8db81,email,email
251439eccf,email,email
d6068e6e4a,email,email
bb1e53c295,email,email
b796e20830,email,email
05b22053a2,email,email
69fc4812e0,email,email
7d4bf1e814,email,email
5f098fa99d,email,email
5463c40102,email,email
509655f402,email,email
50327a5cd6,email,email
bdeca1ca78,email,email
50cbda12b0,email,email
61d40d287b,email,email
0e2eb2cf1a,email,email
d86a38aa7f,email,email
4487876c37,email,email
41a97be7f4,email,email
5278856dee,email,email
91bda89d37,email,email
44a5ac7357,email,email
d98257ae0b,email,email
87193a5f49,email,email
b317791323,email,email
bf3605f15e,email,email
a7e0754dfe,email,email
3309ee4be8,email,email
a2b953a00c,email,email
62e72ccbc7,email,email
8683133c98,email,email
f5e864d691,email,email
7531968de7,email,email
2063e4a9d8,email,email
73c6448bce,email,email
0ceefdc548,email,email
3292e03dd7,email,email
0eb13c7aec,email,email
c5d9e82d5e,email,email
7ac6f04f30,email,email
22bcfc1bfe,email,email
aacfb24e0a,email,email
442e833385,email,email
3bad6be52c,email,email
99f5a34e5b,email,email
a5eb1d332a,email,email
609bbce33a,email,email
d8b384397a,email,email
41906a8ecf,email,email
ff37e11961,email,email
1d4e8009ba,email,email
7863dd6a96,email,email
96fb82e5e1,email,email
aa0c4ba429,email,email
d1e2c9d89f,email,email
97a2f9a970,email,email
02e05c3d70,email,email
9680754ec8,email,email
c5777bd2f1,email,email
65a7d3a8d8,email,email
7143064b34,email,email
36ea2be8b3,email,email
80ea3523be,email,email
b7f7f9ab9b,email,email
09ffd8e0bf,email,email
78be3fc74f,email,email
b74bfef29f,email,email
69c91bdf07,email,email
86bb256f1c,email,email
2dda3a859f,email,email
7ac423b673,email,email
cfda1a2ea3,email,email
fa451a7de4,email,email
968c4566f8,email,email
d0f922d863,email,email
9718218507,email,email
efe669edfc,email,email
82acc14361,email,email
706139ea2b,email,email
7c332084fa,email,email
31b79fefc2,email,email
bb3f6a3203,email,email
051e7c0833,email,email
415a4acbac,email,email
38a228ab05,email,email
f0547e85f3,email,email
d5c82d5a2c,email,email
805527cff9,email,email
941243d760,email,email
ba0206604d,email,email
c498e34767,email,email
f97ef2f22d,email,email
72f607ac91,email,email
c30a855414,email,email
00f2d752e6,email,email
63248622f2,email,email
b2543648cd,email,email
48381ab79a,email,email
70874f4d48,email,email
58e8e4200f,email,email
6450fa0354,email,email
045ab94fb1,email,email
28dbf61160,email,email
b65ff52d11,email,email
46bcd648d8,email,email
7081a5ade9,email,email
3674aba825,email,email
4f9396b8f3,email,email
f1ce8d965b,email,email
9faaad5bec,email,email
db5775d2d1,email,email
2536938e0c,email,email
05bc845064,email,email
afe669cbe5,email,email
3e7252796f,email,email
4ecc4dfb02,email,email
089953c6ce,email,email
f5e5366a51,email,email
54260d2fbd,email,email
01231b722c,email,email
0e70fc4a8f,email,email
154308708e,email,email
1bddb93b87,email,email
1789b1a9bf,email,email
2f9158e3fd,email,email
2004445e2f,email,email
9e889aab80,email,email
2a1f5a7f74,email,email
834c1588dc,email,email
4a73ef35e6,email,email
e2c26d761b,email,email
6a547631b1,email,email
f420c5c826,email,email
342a1e08e8,email,email
bd31429dcd,email,email
3be5d769d6,email,email
c7c1f62397,email,email
0009d412d9,email,email
59c18e33e3,email,email
1ed029a1fc,email,email
4764631d55,email,email
d74e41ddfc,email,email
274cd3e80f,email,email
1cffbd3b9e,email,email
88f3a52bff,email,email
3df534273b,email,email
64bd46a16c,email,email
dac63cac2f,email,email
7110a5e0d9,email,email
ee8bde7a31,email,email
159c65c50c,email,email
8dc3888b48,email,email
039b42adcd,email,email
a15b334a35,email,email
f41e396e28,email,email
8dd5f78469,email,email
5345e96b5e,email,email
dd5f9fd1de,email,email
e55b49c2ef,email,email
960a2889e9,email,email
6d57dfdef9,email,email
8a2bbeeb98,email,email
c6d7e3f63d,email,email
2bf5779b3e,email,email
6e66142d4e,email,email
0a2a4eb5e3,email,email
b4b4a5a8f1,email,email
c629356c34,email,email
852108414a,email,email
c80de4d1b3,email,email
76ee67c431,email,email
5eef93a417,email,email
f588dd69cb,email,email
6a57d107d7,email,email
821ee5e7de,email,email
63ca2538cc,email,email
391189d103,email,email
7a76c6b8b8,email,email
15f6a91119,email,email
8775446732,email,email
3a259b1192,email,email
d822c5a152,email,email
0620ba18c8,email,email
6ba7693445,email,email
c589381819,email,email
868b45ac5f,email,email
c61236e86b,email,email
d8ac7c1e0c,email,email
476fe1dc2e,email,email
94aafbf8b2,email,email
64b23e20f0,email,email
14740ec874,email,email
67232f1ce9,email,email
492fa50fd3,email,email
43c0066719,email,email
1261af5d63,email,email
64f96aa41e,email,email
a16a9538b0,email,email
62390beea8,email,email
7b760cff34,email,email
0dc54d5a69,email,email
43b3f2414a,email,email
13f85c3699,email,email
b34b8a0f05,email,email
338c7d5fbb,email,email
d365516d75,email,email
fb2e6e6b5b,email,email
228d4e3465,email,email
c96667f297,email,email
beab725bd0,email,email
75d1d8441a,email,email
82acb3c67a,email,email
418dbc7706,email,email
dd84779986,email,email
21b94175ec,email,email
053b8d60f8,email,email
c2292dcb2e,email,email
d52193e196,email,email
611c3d6484,email,email
262a7018aa,email,email
0062451cd0,email,email
a563d66d28,email,email
e71f880495,email,email
cf36f9e621,email,email
1027a2204a,email,email
52156a0408,email,email
00855edc52,email,email
25571cec54,email,email
c5430593d7,email,email
609498644a,email,email
e37536dc0f,email,email
be78f72674,email,email
b187036b64,email,email
32bb3ed031,email,email
8b449c1afc,email,email
aa4e30d98a,email,email
e31cc9a330,email,email
dfc5f472e9,email,email
8f8a84bc8d,email,email
889cbe3f18,email,email
2326cf53db,email,email
b6924aa86e,email,email
4b80daaa5c,email,email
7074bd859d,email,email
2d672a9dea,email,email
3dab0b8411,email,email
be6bccb189,email,email
e8278bd880,email,email
b3fca638fb,email,email
c540ade17f,email,email
50153c8282,email,email
9348f9593d,email,email
578f429fdd,email,email
ded8bdda17,email,email
ae3223610a,email,email
32a79201bc,email,email
787c66738a,email,email
9993d5d20a,email,email
69dec24d51,email,email
04487c0368,email,email
815d03b296,email,email
5ef1c675ae,email,email
efffa54a8d,email,email
bae4e83d5b,email,email
75fa8cc3f5,email,email
426bee24f8,email,email
e4ad12689b,email,email
54501e524b,email,email
3d0765360c,email,email
087ed40baa,email,email
11983d871a,email,email
767de7da74,email,email
7644be9f59,email,email
4ce0bb9cdb,email,email
ecbf60a9aa,email,email
7672e375ae,email,email
4897b20e26,email,email
e771cf01c5,email,email
5f4818218a,email,email
1258142d46,email,email
2bb0306b39,email,email
b920435229,email,email
cb7a557f45,email,email
c177de46c5,email,email
7ca7e935b7,email,email
af0b02fa24,email,email
90b618f177,email,email
864e991fdc,email,email
f411510f14,email,email
df8ae824ed,email,email
0e2d6c0aa7,email,email
f7826591e3,email,email
8cee212523,email,email
07dbffd80f,email,email
16c9fc94b9,email,email
893a59afab,email,email
f6a146f1ac,email,email
1f2718374c,email,email
2f281288a9,email,email
98a8e0bad6,email,email
4104b68b55,email,email
1c9d6a6248,email,email
474cf2ca07,email,email
e7ec953ed4,email,email
bac359556b,email,email
74f9ad12dc,email,email
bc9320a1a9,email,email
0f89fa126c,email,email
b4f1b27bd0,email,email
12b404f886,email,email
32bb065710,email,email
a0c7c4653e,email,email
7af147dfc8,email,email
104ce1d9f2,email,email
70c28618d1,email,email
f6f43d583f,email,email
313172004c,email,email
d89cf114b5,email,email
5670b37e6e,email,email
9ea04b7940,email,email
ec82c229cc,email,email
238890ce7b,email,email
bfe01ebd30,email,email
2b1f394e3b,email,email
a3f1dfb56b,email,email
eb7c3319e7,email,email
ed0679ff39,email,email
8bd41928bd,email,email
ec8432d65c,email,email
2017290404,email,email
4eb522aa44,email,email
8d7270e32b,email,email
a82713a5f8,email,email
69824cd062,email,email
c9028faec2,email,email
b7a226b3b9,email,email
934b9138b0,email,email
9d58e5d0a5,email,email
5763f1a660,email,email
a31e76cff2,email,email
8d5cddad4c,email,email
1cb066a935,email,email
70b0b12b6a,email,email
8ed80b7f92,email,email
387e33fd96,email,email
4ebc0ff249,email,email
7abfc68d41,email,email
889b9871c1,email,email
37b9693b5d,email,email
8e0a2374ca,email,email
96c5bc57a4,email,email
74bb44cea5,email,email
ef36b50614,email,email
e6f003bcfd,email,email
994c1ea90c,email,email
bf9ebe86de,email,email
148a645262,email,email
51094e8683,email,email
3bbc6ed311,email,email
948e452852,email,email
982df102d3,email,email
6dbd73d35f,email,email
b91eb7b18c,email,email
a9b67b334c,email,email
7399c633c0,email,email
aea9c9e228,email,email
a45d1a23f2,email,email
695f6e1399,email,email
8f4eacd266,email,email
bbbbaf3581,email,email
511bad4bbd,email,email
fd49f86359,email,email
da5c3a406a,email,email
5c1f6d1a6f,email,email
11a81ee2a1,email,email
d65539d476,email,email
4c03b8664c,email,email
19c4c82614,email,email
ba7d0fb2d5,email,email
51d7160da7,email,email
09b1d86b5d,email,email
f2c8ce6562,email,email
d6df9e1068,email,email
9bf2784328,email,email
aab556f1ef,email,email
48f5b05a7b,email,email
f1ead9cebf,email,email
f1698696e8,email,email
deefcc7509,email,email
3f57c6ba1c,email,email
0e3b4b0d40,email,email
6448229aea,email,email
a217526d5d,email,email
3b4affc3c8,email,email
563037b28b,email,email
a582b5d6b8,email,email
514ebd44b3,email,email
51e5e157e0,email,email
af13f82562,email,email
0c45bf2096,email,email
9434c038f6,email,email
9add1aa538,email,email
f2cddd7b6a,email,email
30eb438222,email,email
f59eccb5dd,email,email
ef47bd0845,email,email
2f2543cfe9,email,email
d251a17d5e,email,email
9b8a6148c3,email,email
a1c0ff77ad,email,email
e775ae8d1d,email,email
a24b6c8707,email,email
0ea2b51c38,email,email
d233755b6a,email,email
dd1d30ee01,email,email
1fd5362e2d,email,email
060a8a781d,email,email
89ed126a97,email,email
6053af3bcb,email,email
3551d74950,email,email
06240a7de1,email,email
4a2a1a6152,email,email
64ceaa0453,email,email
15d4f553b6,email,email
94ba018808,email,email
24a2562bb4,email,email
6f9e8f6aec,email,email
396c1d0541,email,email
5ab3642b05,email,email
61443fcb04,email,email
ce4a4d7695,email,email
b1b5317d00,email,email
d8592c3b94,email,email
f86ed3fa31,email,email
b8a8e47b66,email,email
5f93755911,email,email
6badc52ee9,email,email
65871d9ab1,email,email
b8cc5943b7,email,email
98c9120f8f,email,email
7994f5ad31,undef,undef
008214d029,email,email
1c1295b369,email,email
9e15dda22d,email,email
4bc65192a1,email,email
fa9b50cce7,email,email
532a0188a6,email,email
a39a1650d5,email,email
c689bdd4f2,email,email
19a2e96a3b,email,email
457beab6b3,email,email
3d3138cad1,email,email
967484c285,email,email
8bdbe24407,email,email
3247ed7294,email,email
41ad03e397,email,email
04e942b0ea,email,email
1ac64e0f35,email,email
2cc1f64100,email,email
1b329d47ab,email,email
64d87793ac,email,email
1ab1afecda,email,email
3e032249f5,email,email
ccd961a4dc,email,email
b8cda37c27,email,email
0e17ce3304,email,email
7c18f13a4a,email,email
0daa81c300,email,email
ec90a42890,email,email
b3e4e94cce,email,email
5efd2890ed,email,email
9549535c07,email,email
15e2756bce,undef,undef
055eaece1f,email,email
8fa8a008dc,email,email
a4e7405f33,email,email
03a0fcd06a,email,email
43a788a4e9,email,email
6401b640f5,email,email
3e08b9dbff,email,email
4391a056f8,email,email
d271270f3b,email,email
879c32ed76,email,email
1c49dd942d,email,email
096e4ec3fe,email,email
a756c8dc6c,email,email
bfc6ac3c11,email,email
c78087f19c,email,email
d4303c8b87,email,email
02cb48d1b7,email,email
1aab9af8b6,email,email
0508a80e85,email,email
cf3a32ff74,email,email
4ada81752c,email,email
581aef7714,email,email
41c0f847b0,email,email
38ae3b6c1b,email,email
1b0904b34a,email,email
bf088b41ee,email,email
4e9fee4364,email,email
11a658fb93,email,email
13fda033c7,email,email
70006786ee,email,email
e977ed23c6,email,email
27cf487843,email,email
a8e0f6debb,email,email
74c41757b3,email,email
0053564b90,email,email
f6c8b45a38,email,email
f485f0f407,email,email
24f7506e1f,email,email
e82680f8b1,email,email
4b4e93372a,email,email
f52d2cd077,email,email
a71b25d1fa,email,email
0ed69a8fbb,email,email
7c5d19f319,email,email
d052dbfac2,email,email
709cc64fa3,email,email
40571f8c24,email,email
aa65b3c944,email,email
9363d1ab57,email,email
ec58b82b95,email,email
60c97d88a1,undef,undef
d870bb4366,email,email
8270377ce4,email,email
d13b7a0a3f,email,email
ac366bce01,email,email
c749f1bbbd,email,email
6b03cf2fb9,email,email
01e2d1ea80,email,email
3cd6e39e63,email,email
0e687fb477,email,email
923c7d5efa,email,email
59e60f9abb,email,email
340c406910,email,email
edccf4ae82,email,email
db99b9a328,email,email
e48ebe96a4,email,email
28f0c9f8fe,email,email
6532d3ecc8,email,email
29846431ec,email,email
f1a9f3d029,email,email
d4a73e7733,email,email
6f724ab034,email,email
8b8b011ee0,email,email
cea2257370,email,email
e59732dbdf,email,email
d12f00eeca,email,email
8ebcd36269,email,email
2a5ebba41a,email,email
c0beb97eaa,email,email
897416395b,email,email
45ebee28cd,email,email
c3f90b4bb5,email,email
7cf5b73dcd,email,email
7fc2debf04,email,email
78851c6bc3,email,email
10ebd6515b,email,email
3636792171,email,email
3fd21c7129,email,email
91818c8c2f,email,email
ed1a7c657b,email,email
fdaa840394,email,email
685ad5fe68,email,email
4a462ca370,email,email
906bbd3852,email,email
46504330de,email,email
ad707e3877,email,email
cd129d8579,email,email
7428f1bf62,email,email
0aa093ca13,email,email
46f269e2fa,email,email
c32803ad3a,email,email
049d7d606f,email,email
7a2c0ef511,email,email
c71d6cd0a2,email,email
0627155b1a,email,email
52cd4b81dc,email,email
dc54caa1c7,email,email
06183ee667,email,email
e7363a9c87,email,email
e4282f1cc3,email,email
e39b1a6bac,email,email
36d0d203ec,email,email
164654eef5,email,email
50a3a2082b,email,email
5fca23b404,email,email
b025d930bc,email,email
e702749b17,email,email
4008e58867,email,email
8303ecf767,email,email
802544b4cb,email,email
e7f0bb2606,email,email
7997db1e65,email,email
dbbbbf7428,email,email
02d47adce6,email,email
3ffe8dc6ea,email,email
525f3723ab,email,email
bc9223260f,email,email
c83d2c1263,email,email
153c83309a,email,email
c12b7fce57,email,email
4953d2ce69,email,email
140b415e12,email,email
50281abe39,email,email
929cccf883,email,email
a6535229b9,email,email
0b386f0d00,email,email
fd647f8cda,email,email
a1f116d555,email,email
1a2d4ce61d,email,email
eca6d23f9e,email,email
6c7e7861bf,email,email
291086423f,email,email
78ab50c135,email,email
e907814ac2,email,email
5217c9a139,email,email
0b21f1b937,email,email
c01193f664,email,email
eb00aadd81,email,email
ae33fee5ee,email,email
c8ec97f100,email,email
5dc0d74177,email,email
277dba599d,email,email
46d6b9a721,email,email
b6634295ca,email,email
3857e3c00a,email,email
1cd750af64,email,email
37573336e4,email,email
f08df75ef6,email,email
e1c8999edf,email,email
65ae1e2fbf,email,email
2461390781,email,email
b9c67ac203,email,email
42dae73112,email,email
2f3a6fcf50,email,email
eb424b2fd2,email,email
fc98fd88c2,email,email
00f24644de,email,email
0b3dabbfe7,email,email
5f9db26d55,email,email
46fbf3c2b3,email,email
9e6d2c92bb,undef,undef
96629e68c4,email,email
7dff992049,email,email
97bd486720,email,email
15824a54e1,email,email
1544499fef,email,email
4e8d80b5da,email,email
634e57d1f9,email,email
225833f6c2,email,email
f1d389e08b,email,email
5e74e6bc35,email,email
2ce9b91729,email,email
f2fa16dfc8,email,email
2a4afb50e2,email,email
5bd26e8c03,email,email
e7ef22a951,email,email
9f41b0925a,email,email
ce41c0f02d,email,email
a6e39371bd,email,email
16eb1e75dd,email,email
fc4dbe3346,email,email
e03c5919a2,email,email
d9f0517e79,email,email
7cda005394,email,email
f00740da83,email,email
f24035784c,email,email
654239dbf9,email,email
18129a5616,email,email
211e6abbad,email,email
04a026cab4,email,email
6c8eac600e,email,email
5ba06cf460,email,email
c5b88b15a2,email,email
5ba9162f72,email,email
f3c1a79c40,email,email
bebc003ea7,email,email
7ba65b11fd,email,email
3462ab8442,email,email
ec95e17191,email,email
f4a9a56c36,email,email
18fd9a32db,email,email
08be3d8641,email,email
52f8b22482,email,email
bd75101f16,email,email
231240d124,email,email
a445be69cd,email,email
6830438260,email,email
b4f5def6e1,email,email
f185d551d2,email,email
bb82c4af2c,email,email
8835ddaacd,email,email
21bc41c8bc,email,email
5252be0799,email,email
2fcbfcc927,email,email
0c1f5b52c8,email,email
a9f85cab36,email,email
c1f1c202d3,email,email
3cb521f971,email,email
d6cb0d85a0,email,email
036f06e620,email,email
07bca4c91c,email,email
1e66f9daa4,email,email
c0c0174002,email,email
5d5b8702ef,email,email
494b7b6bb3,email,email
7bcdaf28cb,email,email
f2db4af964,email,email
225c2c9df5,email,email
a2fbf7f96b,email,email
024fc5cfb8,email,email
8d57017e4b,email,email
b8539a75f4,email,email
54454bdd3b,email,email
eb4d678ad3,email,email
36ef17d70d,email,email
90a50c7235,email,email
309a49fc18,email,email
518617bcc4,email,email
2b06b7e229,email,email
ad3adae60e,email,email
f30839f04d,email,email
48238d62f0,email,email
bc2a886f1c,email,email
7fd559d81d,email,email
82cc4350ac,email,email
5d43caf686,email,email
153cb38c04,email,email
4f032a1d25,email,email
6f81a7dc4f,email,email
4d7b359a54,email,email
6f9c28eed9,email,email
1e4ff14d08,email,email
b1c50a094f,email,email
b208830572,email,email
88e0e5b30a,email,email
9ec5c6361c,email,email
b6f61447c3,email,email
fa6ebc28ae,email,email
9e60a05d54,email,email
ab5e67497f,email,email
8beeedfe16,email,email
40f6b122e4,email,email
4e709b7e4b,email,email
5daecad306,email,email
3e0c43b217,email,email
c0dbc79244,email,email
2c0ad1d8f0,email,email
ac423d44bc,email,email
4945f713cf,email,email
3e0e8853ba,email,email
5c3bdb72a5,email,email
d06e41caaa,email,email
1d117ca181,email,email
9df2621b29,email,email
d68bba580b,email,email
5d7ea67541,email,email
893f5d2f25,email,email
705e0ff4e6,email,email
f8fd6898b2,email,email
0ad7553be9,email,email
8d94707d3a,email,email
eb03281927,email,email
4dbed97602,email,email
0fe5b125f7,email,email
ea1074eb23,email,email
8f7188693c,email,email
04a23fe0f1,email,email
4c01985ff1,email,email
d58f7b86e9,email,email
918bdc2df6,email,email
b3f7a2df5d,email,email
f22bf410cf,email,email
d40eb618f9,email,email
efc66f03ff,email,email
fd074b2c52,email,email
000afefc48,email,email
030a074485,email,email
68fefc2ee8,email,email
d98d256cf5,email,email
a0310b370c,email,email
a41de595f6,email,email
8c66915252,email,email
142db4bba6,email,email
8993c8843e,email,email
1adf1b98e8,email,email
b89bf07ccd,email,email
cb0f5a8317,email,email
5f23c6d8c2,email,email
5be6580a6f,email,email
3c450af329,email,email
b49a8e91e8,undef,undef
ef88b5ea31,email,email
aef61643d7,email,email
6300bff53c,email,email
3717237eee,email,email
c48010ad04,email,email
b390a76352,email,email
5263caef37,email,email
b495532148,email,email
88baa9a505,email,email
8f363b8a01,email,email
d0de53a0e6,undef,undef
463f75af13,email,email
7d6ff9aae8,email,email
fa8e24d6d6,email,email
9995ea65ca,undef,undef
ff5e0030ce,email,email
4bc270a3af,email,email
fe8f26c45a,email,email
09d0bf2f91,email,email
b234a338a4,email,email
fb792a219d,email,email
a4ac579441,email,email
22aa4ed23c,email,email
72ee18d0e3,email,email
c6626e1ff3,email,email
c531f90414,email,email
c255f6f107,email,email
4e7075ed41,email,email
edbf604e89,email,email
178b3f7e4d,email,email
910cd2460f,email,email
a7260dedc0,email,email
ecc279b53a,email,email
8745a59773,email,email
f5b399613e,email,email
23e3fb9c00,email,email
8cc0139336,email,email
0513339138,email,email
73e6480499,email,email
ae39798be3,email,email
d4a8c1488e,email,email
65d0330756,email,email
621f890dd5,email,email
942dd2345a,email,email
0183e88d2f,email,email
e7ccaf36ac,email,email
e0976cb551,email,email
28e85b53c9,email,email
32ca3c0e7d,email,email
d32b9bb8b5,email,email
0b13be66bc,email,email
04aae21d5e,email,email
4f37922249,email,email
9bd2d44c0c,email,email
af6d1a8f28,email,email
da3af9519a,email,email
a9f5bb302e,email,email
df6cb3445e,email,email
081d5dcb98,email,email
2233566d56,email,email
ee6ce4a484,email,email
157469efcb,email,email
232b5bb3e9,email,email
4c17573013,email,email
b386bdcd76,email,email
d57eedc93b,email,email
c21af43f89,email,email
4107049c66,email,email
309aa54208,email,email
657ab4d15e,email,email
1454e40aa5,email,email
d9855ac02e,email,email
99ad62a8f0,email,email
5866f636d5,email,email
bcb55dca56,email,email
36183f0d00,email,email
9bb22941fa,email,email
e8c99295b5,email,email
502dbbd2c5,undef,undef
1f3b9276c0,email,email
b256bd489e,email,email
1c3b5a260c,email,email
8f12dbea80,email,email
8b802f75b3,email,email
0cd9bd7eff,email,email
e65c23bc85,email,email
bed592dea6,email,email
376e73685f,email,email
da7171699e,email,email
7a7bffe9af,email,email
e7894cd17c,email,email
1f57ee97c4,email,email
cae13410ef,email,email
8032f3b639,email,email
6071f5f9f4,email,email
bda38343f3,email,email
f32b226c01,email,email
bd79effc45,email,email
cc2a5bdcf0,email,email
fd021a5cdb,email,email
a1adc76531,email,email
9cd5bb7153,email,email
199fe21ed7,email,email
a152aac2e3,email,email
c25e4f2ba9,email,email
ce3db6c287,email,email
2b3b027f0d,email,email
61ea23b5c7,email,email
b5387c2e34,email,email
d54cc099e7,email,email
16f2df588c,email,email
b6f67a8049,email,email
f6d8e60f64,email,email
ebc6b8b38c,email,email
010b317bb8,email,email
1be260626d,email,email
9b86c06dff,email,email
4883eca37c,email,email
4d53801f82,email,email
811b4c5ab2,email,email
b7b19200bf,email,email
71dd427b4e,email,email
ea13bdaa15,email,email
62e057931e,email,email
5253750c16,email,email
efaf255930,email,email
c59c8cd161,email,email
cdf4b6975a,email,email
8923618ac9,email,email
68fdbaf8a3,email,email
8368c7b7b0,email,email
8f0da87587,email,email
4e3a2e9b6f,email,email
cdc75f1f77,email,email
2e772b1281,email,email
92b1594889,email,email
66e9950a79,email,email
008fb07e7e,email,email
40cbe96d3c,email,email
2d4584e11a,email,email
f3a85d5457,undef,undef
b53d767900,email,email
3d7930fc50,email,email
c855afb159,email,email
1748866347,email,email
58dd7b45e4,email,email
2bdd40e1fb,email,email
df956bfaf6,email,email
a25fda7b0e,email,email
8bbab500fd,email,email
49f9420f73,email,email
34570d1111,email,email
d0d517b416,email,email
8bb1722165,email,email
c7936fa2fc,email,email
2944e9b0f3,email,email
df7c25f0c4,email,email
cc39315436,email,email
ea9e9d165c,email,email
706d322317,email,email
511aa3c052,email,email
af94e856da,email,email
58d052b434,email,email
4680b7e597,undef,undef
3328597488,email,email
2e108c5ed9,email,email
e0b9b346f6,email,email
c3988929df,email,email
45c9badfca,email,email
e56845ca3d,email,email
f07cca7460,email,email
1e720bdb50,email,email
1f97c21fc4,email,email
ecdf60c111,email,email
d0ef09524e,email,email
f808525cd7,email,email
ff77247852,email,email
0fa19a8c82,email,email
50366a68ec,email,email
32ca3c0e7d,email,email
d5694f3ff0,email,email
eb9e274254,email,email
e130e0e3da,email,email
05d3c4ab87,email,email
2c6c5c4b5e,email,email
f1050836b7,email,email
be0ab54536,email,email
8c3325fb1d,undef,undef
1766d54292,email,email
35a726f584,email,email
b59e84397f,email,email
bc7f787093,email,email
09800e12d2,email,email
d274f0cbef,email,email
16bda85169,email,email
1c1168360d,email,email
c3f32c3bab,email,email
0dc1db8ee0,email,email
b378aee18b,undef,undef
ff3f71efe1,email,email
2c5f944c12,email,email
d07aa931d4,email,email
f552a10c8f,email,email
61c3fead0d,email,email
8bff728221,email,email
af7b1ca4bf,email,email
1e650006c0,email,email
7134615933,email,email
fc5ff6d584,email,email
aaf695cf4e,email,email
c5d11be4a9,email,email
bc39921cae,email,email
7b4267ab09,email,email
894518b7c8,email,email
cae003c560,email,email
7a3c83d119,email,email
7f1a9108dc,email,email
514498f23e,email,email
c25fd775e5,email,email
a9f0d3eedd,email,email
7ff1b987fc,email,email
b2a48062aa,email,email
063d31ef78,email,email
a3beb90448,email,email
f4e84c2d44,email,email
4bdf3a7a75,email,email
8e3df60392,email,email
18e50cd3b6,email,email
4e858a4181,email,email
010c6593fd,email,email
0e50a159cc,email,email
ea32be8511,email,email
c9ee381d9b,email,email
34556536ad,email,email
0c4650907d,email,email
b4e5ddaa75,email,email
bb10b886cb,email,email
6a63d10bf0,email,email
95419bf873,email,email
22fee99829,email,email
1e28d05e71,email,email
9a150a6f22,email,email
e68ba78768,email,email
8c5b5c956b,email,email
04f2f609a5,email,email
7e3cb8bc08,email,email
5045ddaaf1,email,email
fb64ad0e20,email,email
84c97bdc0c,email,email
1287b774d2,email,email
1ed8084bc3,email,email
51544c2660,email,email
5484bb10c0,email,email
a7033148e0,email,email
956eae8fe4,email,email
a130033d1c,email,email
8954852c2d,email,email
acc1fdbbd7,email,email
215ecb16a6,email,email
59702921f4,email,email
abae6c572d,email,email
2c5e57e528,email,email
07454e5216,email,email
3e255e8964,email,email
c602005ed1,email,email
085a4319bb,email,email
2e03311d85,email,email
9179556935,email,email
8cce3c384b,email,email
471767e851,email,email
215c4bbb6a,email,email
06e20a8a2f,email,email
8aeabf8d6f,email,email
6e8f3edac5,email,email
621629cb74,email,email
aa09c77543,email,email
56c529fa45,email,email
9acf343b5f,email,email
86b2b26d32,email,email
bd3d6f69b3,email,email
21489058eb,email,email
a87033c101,email,email
7ee7e5a88d,email,email
4bdf0ea2d4,email,email
df3bfb01c6,email,email
8e55c23f37,email,email
9ed7b02a4d,email,email
37513ee963,email,email
29587ea9bd,email,email
e00f08a43e,email,email
50b00b9da5,email,email
70172dfc04,email,email
68de3ebfa4,email,email
3f5f7b62a1,email,email
2abfe7a3ed,email,email
fd3b4a8a37,email,email
d454225b1d,email,email
e7d2e0bfb2,email,email
446efde5e2,email,email
5199d0bbf4,email,email
d00ed6c23f,email,email
26afaf6560,email,email
9e2c364acc,email,email
12ca0d4ab2,email,email
297b0568e9,email,email
7f5bc11a26,email,email
a200ae3986,email,email
de152e69f0,email,email
6e23578b20,email,email
2098968f2b,email,email
dfc23a087a,email,email
4ac3bbf92f,email,email
5aa3ac1e9d,email,email
5557a2b083,email,email
38bb5ba90e,email,email
a6ba879ac6,email,email
bdf40a6e5e,email,email
28c3f6c63a,email,email
9856674487,email,email
02604cac8d,email,email
c5bbe26225,email,email
73906eddd6,email,email
2b990ad4ae,email,email
2302d7a502,email,email
f10e8258b8,email,email
674ed088f4,email,email
30fde11077,email,email
46064533cd,email,email
4e28e223df,email,email
a639347202,email,email
59b2a411cc,email,email
41bf81d2a0,email,email
1a3a4fc551,email,email
126728610f,email,email
102d0a0339,email,email
0bb6248ba0,undef,undef
3052844b57,email,email
d2d22fc4c6,email,email
bd35d79a8d,email,email
9348a9a311,email,email
f21c8bbd6e,email,email
dda81d4e1a,email,email
bf3ece3688,email,email
5abf7b6b00,email,email
73a4acf062,email,email
069dc0c0c6,email,email
4ee568b429,email,email
c54e2e4b2e,email,email
0a01d625a1,email,email
84784cbaa2,email,email
d227fb5b20,email,email
e61c1127fa,email,email
ac657d0c0c,email,email
e39d4f7a6c,email,email
bd3754ee5e,email,email
973b963d63,email,email
6a6fbe2908,email,email
ddedf05a8c,email,email
a3e8d9298d,email,email
2da384ed7a,email,email
e27a906b9c,email,email
a81276caa6,email,email
4556bd66af,email,email
c2a7602cf3,email,email
95263e4d6f,email,email
c72fa3ba7e,email,email
1481ca35b8,email,email
d4712fc78e,email,email
2c5c8cdc2d,email,email
fae2d8a6bb,email,email
84c70ceea7,email,email
67807670a4,email,email
9b4a89d87a,email,email
7b8f70615d,email,email
dfdb84aef3,email,email
2c5a7a56ba,email,email
8562fd1708,email,email
68ada22a6b,email,email
e52dbff240,undef,undef
3b8ab70f7a,email,email
b8dbe94888,email,email
6d763cfbdc,email,email
4e3042061f,email,email
991f5fdefd,email,email
29dd6e0fc0,email,email
91f5cf1df7,email,email
caaa51fa52,email,email
e4ad559de0,email,email
cebeeb5d21,email,email
e30e714b16,email,email
163d0706fb,email,email
b07250545a,email,email
3ca1c0246d,email,email
cfc02cfd93,email,email
be0a8f8a72,email,email
73c0cdd6c6,email,email
c1e03c0f40,email,email
d08d35634d,email,email
f536d89700,email,email
e54c270c76,email,email
14447ad542,email,email
50153c8282,email,email
1f2d7554f6,email,email
2f8f975651,email,email
fc68c8e5f9,email,email
d494946274,email,email
4de5db3699,email,email
bf068fec1f,email,email
2e31057a25,email,email
404730cb18,email,email
9e8381f294,email,email
e235dab937,email,email
927f9d25d9,email,email
2b1944b230,email,email
3d66f7fed1,email,email
e01a66e50f,email,email
ed9b77528f,email,email
995df64fa4,email,email
6d86d9952b,email,email
842fd226fe,email,email
29d796c3f5,email,email
5df63d244f,email,email
b494f73dac,email,email
0cfdda212a,email,email
4b655a855a,email,email
f0b0f57b30,email,email
33f3dae2ed,email,email
7dceca3423,email,email
76b128abdd,email,email
fc0177161c,email,email
45d15534e7,email,email
2217c1ffa1,email,email
f0fc6031a7,email,email
48163856d5,email,email
b8cbaf94d8,email,email
c958267dd8,email,email
78cbcc5d09,email,email
d8616b129f,email,email
acc1f789c2,email,email
6d386fd6fc,email,email
09bf73e09c,email,email
01a11e5399,email,email
35ef7df791,email,email
cddcb8b4f1,email,email
52030d2adf,email,email
6f48b88aef,email,email
2d76fe34af,email,email
38516c9c6a,email,email
b9a3fd134a,email,email
7a92d03700,email,email
37eceafbc5,email,email
633486bd10,email,email
72442520b4,email,email
39111066cc,email,email
62f2ed74e3,email,email
2c5191e268,email,email
3d68a4e19c,email,email
0fc9fae74e,email,email
ffaf77db7a,email,email
1be5036440,email,email
29e584d9a0,email,email
83d808bde5,email,email
f1457c1535,email,email
900625b9b0,email,email
85abb56456,email,email
abc8d8ab8e,email,email
0a56b1991a,email,email
27a0c9ed21,email,email
530df351fc,email,email
222dc48b4a,email,email
973bed0492,email,email
8b005be4e9,email,email
8cf60a0857,email,email
e39107dd45,email,email
0e796f086a,email,email
43c87c8b67,email,email
556c00e747,email,email
ed06cdad8d,email,email
852e32c851,email,email
204a23cd3f,email,email
4cfaac1c4c,email,email
531d1103c9,email,email
7807da5008,email,email
521f3de973,email,email
dd06c297fe,email,email
18df17d2f8,email,email
01af63d71a,email,email
fd7700823f,email,email
eb3d5f13a8,email,email
e5784b0d4b,email,email
255cf94148,email,email
067e35ea19,email,email
f9db19094f,email,email
8d4c73ad38,email,email
8219fbc1c1,email,email
80d63c6132,email,email
843eb10500,email,email
d7cc99cfee,email,email
989203b77a,email,email
f29ae6f7f6,email,email
7e0c4050f7,email,email
f860764ec4,email,email
3b51ef8aaf,email,email
513216f98e,email,email
a262bf93ba,email,email
e13aa8bf66,email,email
d959c55228,email,email
3f9ca6f341,email,email
df2afa6f8c,email,email
4154d6814d,email,email
9fdded2ad2,undef,undef
e032335fd2,email,email
562db00810,email,email
6db2347ff7,email,email
ad87aca04f,email,email
d33e107a0b,email,email
444a2ecdc3,email,email
49eb40150b,email,email
b6039f11fb,email,email
768d4a2b46,email,email
9b785509f7,email,email
2c394a7973,email,email
e997dd9725,email,email
0b4c8c1210,email,email
e2933e4460,email,email
da7333d959,email,email
70370a3c2a,email,email
d2ca895cec,email,email
f6264ddeb0,email,email
a5b5ba7915,email,email
9eb85b6b10,email,email
2e72446296,email,email
a9ceb6c158,email,email
f46f1ae679,email,email
a1a256a27d,email,email
7bb55fedce,email,email
88e95b2a8f,email,email
9a53a9a855,email,email
0dbb40f7a1,email,email
89490876db,email,email
ae64ad1bcb,email,email
c056ecbe1d,email,email
caab6e5259,email,email
a12d04dd48,email,email
312fe6d8d8,email,email
098d595fc5,email,email
b458ad0b20,email,email
4bae13cb76,email,email
13e877c4d6,email,email
e800218ea8,email,email
37cdba3963,email,email
14983bc0dd,email,email
1f2dc9f29d,email,email
c0c6960339,email,email
7bf5370c4f,email,email
8639855ecc,email,email
132ff78141,email,email
727da48fce,email,email
7ecea2569c,email,email
e4344324f2,email,email
87ef7d3f95,email,email
13899f9c1d,email,email
fca6640c7b,email,email
4d06bc9414,email,email
76dd51e32a,email,email
4d9c485fc4,email,email
3633deacef,email,email
d22f4a2506,email,email
7f119f51bc,email,email
703d0ed0c4,email,email
4bd59106ab,email,email
3a2e7dd6db,email,email
424cd870cd,email,email
6dafd2fd28,email,email
8801fb9218,email,email
e47fccd52e,email,email
c941f1d7dd,email,email
36b4311244,email,email
c876a633b2,email,email
15d88279a5,email,email
91743773eb,email,email
782fca5b10,email,email
a5790132a4,email,email
5779b763e4,email,email
6bc5951ec2,email,email
b9596629e0,email,email
011cf7dbc1,email,email
540ffd6a9a,email,email
b4529e792b,email,email
47ebf37684,email,email
a1524f4f09,email,email
eb2d0f59c0,email,email
03c1cfa0ff,email,email
34278a6b3d,email,email
aa5e5c4f46,email,email
e215fd9f97,email,email
43113b5c04,email,email
34792ee05e,email,email
3c3ace48aa,email,email
e77437786a,email,email
ade267153b,email,email
6f8f512978,email,email
932c52189d,email,email
bb400445ac,email,email
8fa7e8d1d7,email,email
acd578ea17,email,email
7285a06f86,email,email
76e23bf0f5,undef,undef
77d87fb3c2,email,email
03c0fcdee3,email,email
1504e51319,email,email
80b9afc4a4,email,email
827784abd2,email,email
289780cd38,email,email
479718056d,email,email
ab469479fe,email,email
9c7f468ed4,email,email
9d3ae7025f,email,email
9d8117bc44,email,email
7fc7c80e7b,email,email
6751aa191d,email,email
1187247aa5,email,email
d30519fe23,email,email
bb39ed2aab,email,email
39064203ce,email,email
f87c62f901,email,email
9ce0009705,email,email
6e8a11933e,email,email
ba4b2397c6,email,email
1f234f85df,email,email
cc87b8120c,email,email
165302123a,email,email
5269203874,email,email
698575319f,email,email
a8f7b1011c,email,email
7ecf409772,email,email
a8c113d1dd,email,email
3297baf866,undef,undef
f733e8f15e,email,email
4108952666,email,email
a16cb71ef2,email,email
381ea58e4f,email,email
9dfa39cc30,email,email
f22c4adae6,email,email
13a7cda0bd,email,email
e7a025c9aa,email,email
311f561638,email,email
c7a0f9a9fa,email,email
b47764ef64,email,email
1c106a8863,email,email
6eb67e554c,email,email
e119f2039c,email,email
e766fa4bb2,email,email
a06021755c,email,email
ccd9f84232,email,email
a4a621a385,email,email
389a1047f3,email,email
9ad939faf1,email,email
58a50a38e1,email,email
715a4660bc,email,email
b7c6f83e87,email,email
20f0673293,email,email
1d44e919ec,email,email
a15cadb7ab,email,email
04366bbc80,email,email
c90ab28eb8,email,email
f10b5af345,email,email
35b677229a,email,email
78a6eeebf5,email,email
050cf62cc5,email,email
b1f69201dd,email,email
cbb1ff1e1b,email,email
c5c9963c4f,email,email
e6f2104e23,email,email
be694d125c,email,email
bf458ef766,email,email
05ac0e9c49,email,email
c30f2c949a,email,email
168998f290,email,email
9a65cbd4e6,email,email
bc1f2b584e,email,email
8465bb8b67,email,email
05c939373e,email,email
9e8a3df6f1,email,email
446be23a7d,email,email
8bcff30c9f,email,email
6b1f1cf124,email,email
3e7b903312,email,email
7ba125783f,email,email
b2c2bcaea2,email,email
233dbf129d,email,email
fa76a86ffa,email,email
f37e7efd12,email,email
9537ef8846,email,email
051dd8ffaf,email,email
c3cb0c26ef,email,email
295ed37f7a,email,email
761297153e,email,email
64554d0e6e,email,email
9f45c6cfc7,email,email
276b8482d4,email,email
38ffa5e414,email,email
f67e1385bc,email,email
3d980e0143,email,email
cbb6cf0c38,email,email
24fc397064,email,email
4664280407,email,email
7bf32d6195,email,email
1074d0257d,email,email
e3dac51b70,email,email
5511cf9fb1,email,email
dfa6a9ee54,email,email
a3a60bffa2,email,email
af424747ba,email,email
5ac3a4d12a,email,email
0ed7aa4690,email,email
0c8bf946e5,email,email
c959b47a02,email,email
b9e9142f5b,email,email
fe1c7beb96,email,email
f8e0500634,email,email
0efaba3a4a,email,email
22da9faafc,email,email
b15e55a87a,email,email
3538b3ba81,email,email
42216e2b8c,email,email
b49aa65a02,email,email
96063c7c8f,email,email
8342b907a3,email,email
5f059946e2,email,email
9af7171fbf,email,email
820d2e64ad,email,email
8914f55b36,email,email
fb30bb6f27,email,email
df59322b60,email,email
046f409875,email,email
3b5cb7daec,email,email
519ef4891a,email,email
5ab97f60f0,email,email
4febcb3735,email,email
ff35eab3a4,email,email
d1d4481e5e,email,email
222deea4e2,email,email
fea82af2a7,email,email
dc2fc23f69,email,email
1afd952c1e,email,email
d4c9df6199,email,email
694f158dac,email,email
76970dbebd,email,email
2198fb0c37,email,email
4a2535a7ec,email,email
f625b6856e,email,email
bac03eb0df,email,email
6e345f1d0e,email,email
73665615d1,email,email
066b95b42d,email,email
ef066b17d0,email,email
16aac75b7d,email,email
ab4b5e93e9,email,email
471807eab4,email,email
c2d86b18bc,email,email
0a443df63a,email,email
565ce1cff0,email,email
3a083967d3,email,email
5cacaac494,email,email
c0b20bd9d3,email,email
a5ac584f46,email,email
8bff6d689d,email,email
8797346e0b,email,email
f954ce668b,email,email
df307008f8,email,email
fed10a7ea1,email,email
e0ebc2a2bf,email,email
e96668e49f,email,email
4d65bade3a,email,email
af29b0de05,email,email
bd3dfe26ec,email,email
e6b32258af,email,email
38c9b4a1f8,email,email
2012595bc9,email,email
62d3bfdcd2,email,email
e830b6cb82,email,email
7f3f104ab4,email,email
a1439aa622,email,email
3968f768c8,email,email
4a1289f583,email,email
ac6cc181b5,email,email
61a11c1a0e,email,email
bd1cdcc287,email,email
e42c067618,email,email
a02db7725d,email,email
6bd2f30375,email,email
ab5917bf7b,email,email
c31d5f1605,email,email
5b91803bc4,email,email
4b33dfc601,email,email
721309bf6d,email,email
21847d5255,email,email
9c75c948f5,email,email
ae6d63bd7d,email,email
ebcdf39537,email,email
860006aa1b,email,email
de3b40999a,email,email
babe13dcfc,undef,undef
83450f388a,email,email
c623eed8f5,email,email
1922b22976,email,email
e4ae1f3336,email,email
a43c10a1d3,email,email
bb562cc6ca,email,email
23d37e39ce,email,email
b16541c731,email,email
d8df259d1f,email,email
e4b74d4057,email,email
431e352a5f,email,email
0fee53f3da,email,email
7da1335736,email,email
f45cf0800c,email,email
86f5121bff,email,email
0271118992,email,email
311aad9cf5,email,email
f98d5c7041,email,email
fb1cda1c00,email,email
bde1e46fbf,email,email
7854f173ce,email,email
386eccd74f,email,email
067b004187,email,email
2936a74ba6,email,email
6ebd6d0f69,email,email
fea2d9eae4,email,email
d9233ecd50,email,email
c61805d5ce,email,email
6f9244b5e2,email,email
e98ffe010b,email,email
c752c9d8b2,email,email
220e9e0235,email,email
f9de5dbaa5,email,email
bbb16915c1,email,email
14ac26bb6c,email,email
604cc90b69,email,email
1926be35f3,email,email
d0f73fdf1d,email,email
05a3a58eb7,email,email
4c2549d02c,email,email
37a0e888bc,email,email
e765178448,email,email
596fc1f73b,email,email
6ad560fb55,email,email
d41c7a51b1,email,email
01dbb56e29,email,email
45665e7bfa,email,email
74e9c38575,email,email
f2d32e9bf8,email,email
b4e3d91b4a,email,email
a6e878249b,email,email
578b85bbd0,email,email
b0b46d0330,email,email
6940a94747,email,email
3469e498d7,email,email
b9ab611988,email,email
512a767955,email,email
6e58e9dd4a,email,email
20c46c640f,email,email
8a141b77db,email,email
9805ffa832,email,email
3c6e0f0d69,email,email
b3224a2927,email,email
5dd38fc1fa,email,email
2dba76cb77,email,email
ea02a937b7,email,email
4e09aeb13e,email,email
1619fa1eb4,email,email
17464bc115,email,email
41aa35e3b4,email,email
a4db251069,email,email
78036d16f8,email,email
fa37c8e66c,email,email
ac9ca230a7,email,email
de12a461e8,email,email
5ff31a99ae,email,email
61e415c49c,email,email
55cc0d4a3c,email,email
c7c63894b7,email,email
ea4925af1e,email,email
f6c289b6c2,email,email
97b8be3704,email,email
50bcfea307,email,email
bf62a0527a,email,email
69b4e02f3d,email,email
9990f3071c,email,email
c3dd936983,email,email
db1a8ad564,email,email
ed5dc75a0d,email,email
96f7e2e1ee,email,email
98e5e50b62,email,email
4c5a974bee,undef,undef
f3e92e8532,email,email
2647d84c70,email,email
e05b00001a,email,email
4dd47498e7,email,email
c73ded8758,email,email
bef2e88d36,email,email
a6842f3035,email,email
592220ccd8,email,email
7cdf1f6775,email,email
42bcf82f7e,email,email
39a6ec2b9e,email,email
cb50165e60,email,email
503c31b3ab,email,email
6f04814169,email,email
f87c8ec6e6,email,email
6869080516,email,email
2442362b17,email,email
15419d2767,email,email
bcc63e4650,email,email
de8a22fd2c,email,email
4f19d6ae0e,email,email
34404c7d47,email,email
5c4b465ef3,email,email
acd581522e,email,email
929214c3c9,email,email
1bd9106d13,email,email
739d68ff22,email,email
51637460eb,email,email
b0003136fc,email,email
4d74b53e75,email,email
b09dbb3bf7,undef,undef
193b3508f2,undef,undef
24fb4ad516,email,email
11f4af8b36,email,email
4cd8342cad,email,email
137f0643d8,email,email
9d89e9935e,email,email
9f1c80eda9,email,email
27e98c7fc5,email,email
be100b0a6a,email,email
ae6ebcf7c2,email,email
3e604d7a15,email,email
71eac0e057,undef,undef
7469488557,email,email
4cfad6cdda,email,email
a6c2f0d513,email,email
8ea8137e70,email,email
725bd502c7,email,email
d1437a163d,email,email
40d34889d8,email,email
3e1089f06a,email,email
0d7bc95da9,email,email
373304b05a,email,email
62cf9e4085,email,email
f87d52d155,email,email
5b11693bef,email,email
a35acaf5c0,email,email
085b5f610e,email,email
c63841ee69,email,email
327a299332,email,email
3676b40153,email,email
bb3dbe6195,email,email
595ff89833,email,email
5b4c744c6e,email,email
140cf845b2,email,email
6ce9389a50,email,email
57a33d54c6,email,email
ea5130fdb3,email,email
bc9a49a708,email,email
90d708b567,email,email
0d402f4532,email,email
acee4358d3,email,email
f7d729d487,email,email
84230a2178,email,email
259e8e2055,email,email
8d7f4b0b94,email,email
86450fe80f,email,email
d19c05c173,email,email
46ada9d9e5,email,email
ac0d986fd3,email,email
ab13101b7d,email,email
90d8f6c3c6,undef,undef
0e5901cf78,email,email
301700c47d,email,email
2dad1442ff,email,email
ffca807f14,email,email
933d77ccdb,email,email
45eae9c915,email,email
6cfd62d01d,email,email
c62669aa5f,email,email
efc400061f,email,email
56cd525c31,email,email
d556e82776,email,email
f6ebf72171,email,email
465e85936f,email,email
e1d36ef8f1,email,email
45bad710df,email,email
f241db2edf,email,email
7eda6ec76f,email,email
17fbfbe78a,email,email
cc566d2e05,email,email
c6eb09f7f2,email,email
92f66379ef,email,email
a1c83db035,email,email
001c7525e5,email,email
0c60f44e62,email,email
02767c9241,email,email
8c93d8c687,email,email
fcfa73746f,email,email
493887b49d,email,email
1eb9e467ee,email,email
dcdba596a1,email,email
21d4a9222e,email,email
7d82481740,email,email
eaffb9b918,email,email
467ef17c47,email,email
10e0dc856c,email,email
f0509f7f00,email,email
7a8a8c13af,email,email
62f878f669,email,email
2aea18f1f5,email,email
efdbea6fa3,email,email
d80391719b,email,email
363fa2cd6f,email,email
d67e520410,email,email
281b3db477,email,email
721c9ee231,email,email
e079834627,email,email
8a0c8118ca,email,email
1313bec8b0,email,email
226a4a0ce2,email,email
ec9b0efbf6,email,email
129effb9df,email,email
f08141a1a9,email,email
60551c051a,email,email
af442683e7,email,email
61744a8253,email,email
efb72a0e58,email,email
f2a01c16b9,email,email
0e6adf0705,email,email
d217e0486d,email,email
b8e2dfde69,email,email
47fcc82582,email,email
4938c1349f,email,email
8a0c14f42b,email,email
d9cdc22980,email,email
a214434e4a,email,email
906144dc39,email,email
b61b134682,email,email
0452eaeaed,email,email
9bf6aa1d36,email,email
060eadd345,email,email
db0a97d8af,email,email
11395baf6b,email,email
e8033c3bc7,email,email
3971bf334c,email,email
963629c53c,email,email
c09a23e70a,email,email
b2eb02f2e6,email,email
45b7f262ec,email,email
5c09e36b84,email,email
c036925dfd,email,email
f0a6b1702c,email,email
0b8e9f07d1,email,email
03a43a181a,email,email
050563b863,email,email
f499ae6086,email,email
9050c60590,email,email
40e9a75a8a,email,email
b73ab54d69,email,email
764166dc43,email,email
b0db646e19,email,email
c50fd05c28,email,email
ddce00a021,email,email
8718c62449,email,email
ab62a4d9c2,email,email
1e9a14eca2,email,email
5e8eb14f99,email,email
f7017b55b5,email,email
f6e3bf002e,email,email
8ef78a2524,email,email
425bb5cdbf,email,email
6996362b7e,email,email
ba11ebd887,email,email
7791c55abd,email,email
01472e508a,email,email
2344c263e3,email,email
114367b7bc,email,email
6d36b64769,email,email
17ac0d66a8,undef,undef
b4b6795374,email,email
93969ac20e,email,email
27059efbd7,email,email
7036f779b2,email,email
d39e0900ea,email,email
d589b21ca1,email,email
ce2db3bf01,email,email
1a20c72fe9,email,email
db9eeba06a,email,email
ead05b2335,email,email
53c9e53de0,email,email
05f4325034,email,email
2a4909ed3e,email,email
d287b931de,email,email
9f213547b5,email,email
0c3b2f9158,email,email
3ea4dc5be6,email,email
f8f2d8593a,email,email
bf16798653,email,email
50da1a4748,email,email
f4cd487d5e,email,email
faa0716722,email,email
2e2eb84da1,email,email
3003508993,email,email
f477667cb8,email,email
a90cc976f6,email,email
42be27e7af,email,email
1a1da5172a,email,email
01ae9bc356,email,email
399bc70336,email,email
86716565bb,email,email
d72ce0e56d,email,email
b37472e37b,email,email
4f0b3c676c,email,email
dada96c105,undef,undef
cb9ed854c3,email,email
7b5bc6be59,email,email
150d0b6cbd,email,email
7e3ce4c404,email,email
5d3c1bf1a0,email,email
c8bd63ec55,email,email
3953f65313,email,email
e96fd97ee9,email,email
af3be553b5,email,email
6b9c135fc0,email,email
81da4b2a10,email,email
d9ec2042bd,email,email
8887d64546,email,email
ee4a3fed86,email,email
2eca9833f0,email,email
b02bafbdef,email,email
caf504113d,email,email
dc655fcd3d,email,email
064afe015d,email,email
f8f1257b77,email,email
558be474b1,email,email
69af22f58e,email,email
7fe748b943,email,email
ddc4d43266,email,email
7aad033b0a,email,email
8005e23ca5,email,email
bfb18046cc,email,email
8de488ed16,email,email
c864879d88,undef,undef
99e59b3e71,email,email
c2b955d55a,email,email
0d3d30fb60,email,email
0197efcd5b,email,email
15ecc32c12,email,email
071b1cbf8a,email,email
e5400a6d82,email,email
752825ef0d,undef,undef
4de6a5034e,email,email
4c38f1db2c,email,email
818f74bbd2,email,email
f0ef8456ea,email,email
b6751965fb,email,email
33bddd73fd,email,email
6898f1a285,email,email
d5a02479f2,email,email
32f704d333,email,email
4d19e25299,email,email
44eaa80f89,email,email
9e59b84347,email,email
af0e21d78a,email,email
bc861487c7,email,email
50516640c2,email,email
cfa825de4d,email,email
4b30a72e5d,email,email
74dd6037e5,email,email
ba6e45a6e5,email,email
5265926009,email,email
ef8cfb8f4f,email,email
e0175c3ee7,email,email
a487a3cbae,email,email
b32f1b5232,email,email
b084dad031,email,email
6b6b9dd84b,email,email
ecf42defa9,email,email
1a815de5e9,email,email
954c998393,email,email
6209437e62,email,email
57b9a07750,email,email
53744dc754,email,email
96b7a5ebd1,email,email
c7c54b58e9,email,email
b781adf514,email,email
3bf1eeda40,email,email
8d1b585882,email,email
7a65baa7d7,email,email
1bfe5a8371,email,email
bc38d2fb19,email,email
e59a140c99,email,email
71403e30a6,email,email
fc5b815b60,email,email
94073a7b1b,email,email
f93612e1f9,email,email
2bdbbc8120,email,email
a96d111f06,email,email
edbe7fcfbd,email,email
3feb4c8bbb,email,email
20a20f8192,email,email
50a0d38599,email,email
c57ee3e895,email,email
5c34040bb9,email,email
59ced14493,email,email
93ff102c89,email,email
1552f18d21,email,email
459267cea2,email,email
facd00f043,email,email
41f916a122,email,email
1b3de0dd7d,email,email
e06180a921,email,email
9b7e101d41,email,email
641a931cef,email,email
697e57e322,email,email
dd0d264081,email,email
1077a493b2,email,email
4bc4333943,email,email
040941b20a,email,email
9fa803c783,email,email
b22b742c6f,email,email
df8a1ce4e6,email,email
d568715607,email,email
a48346d909,email,email
b026c52a8d,email,email
96fedac8a8,email,email
16b0d0d302,email,email
10e8218c12,email,email
111caade0b,email,email
e621f68d7e,email,email
151bec2b96,email,email
966b476552,undef,undef
3121f7c63b,email,email
1ffe191d45,email,email
1f1ec7ffa7,email,email
b711e34e76,email,email
9490511dd5,email,email
0691e4c1e1,email,email
198bfc2a7f,email,email
fae787ff7b,email,email
4d463f0a56,email,email
e07c3c2c1e,email,email
7c65da3f62,email,email
b0831d44e3,email,email
4a5f006927,email,email
47a2d21b3b,email,email
7a6ad3f5c1,email,email
8600bb6d8e,email,email
7c491fb594,email,email
3bf5cc74c3,email,email
dd0f8cda13,email,email
28b14cf016,email,email
95b788fbd9,email,email
de9893be2b,email,email
c4209186cb,email,email
4f9d950c58,undef,undef
e057fc53f3,email,email
3f0940adc7,email,email
67cc72caf3,email,email
b468fcb514,email,email
24baeeb968,email,email
efc0860dc0,email,email
d480fdf345,email,email
6fa306ece7,email,email
f3ae84c7b6,email,email
94749cf137,email,email
05b1b04453,email,email
7f5c0d78e6,email,email
6da741b2b3,email,email
8b53464434,email,email
c628cb4aba,email,email
d59a1c16cb,email,email
033d429d72,email,email
31a5e306d7,email,email
de8eab1ab1,email,email
80241a77a8,email,email
3b5be23e8c,email,email
7c622eae09,email,email
ac7b562d8d,email,email
0d585ac048,email,email
9f91477c1e,email,email
dd1835fb7d,email,email
7ab38a7f9f,email,email
b4cfdef27d,email,email
851e2ef938,email,email
6a260b6713,email,email
874317860c,email,email
654ca02c6e,email,email
5a66aec554,email,email
259563d42e,email,email
68b90cdb54,email,email
2fbb10408a,email,email
ef78796d08,email,email
0489e586a6,email,email
b63fbb74ae,email,email
200f779e21,email,email
e1f4ef8123,email,email
f78d1b13fc,email,email
aadfba8583,email,email
936aa6012a,email,email
0e03c8ce80,email,email
41308a260e,email,email
35196fc3ae,email,email
0a531936af,email,email
c35ffb4e94,email,email
6634f2d54c,email,email
b59dc9f155,email,email
e3c1940539,email,email
e001e45441,email,email
a3a6f26407,email,email
ac519ae3b8,email,email
269e98894d,email,email
eb263cb2cd,email,email
ca8431a09b,email,email
d80974e995,email,email
2f2b9bcac9,email,email
f8bf7b27bd,email,email
7dc69bb90a,email,email
ab496b3f33,email,email
0900f63575,email,email
1a914fbd80,email,email
e0583adca2,email,email
7a4935a4ca,email,email
ddb381a704,email,email
7888569381,email,email
269e56db24,email,email
623375eaf2,email,email
213820a97c,email,email
97b6d820f6,email,email
7eaa74678b,email,email
f85911ff60,email,email
3b503782f8,email,email
747cea60df,email,email
af4415c48b,email,email
9fa5dbc3e8,email,email
7412ef8822,email,email
25860bde4f,email,email
a9349c3997,email,email
92bf799729,email,email
b6a946513f,email,email
6c29aaa04a,email,email
2145ff3f55,email,email
13f382213b,email,email
3cd0d1f23a,email,email
1cd765f370,email,email
a9d63a740b,email,email
ab07a3f4d7,email,email
ea668e577b,email,email
9e71735fc9,email,email
d866ee2124,email,email
fbc736dea8,email,email
a3ef548d26,email,email
9125c57d74,email,email
faa0716722,email,email
0ed12c6d56,email,email
4fbfb35902,email,email
8afdcb5847,email,email
2f4d136950,email,email
0bed3e4260,email,email
7f6313e995,email,email
a3d6c07e5d,email,email
fd42b9ccf7,email,email
af59acd0c6,email,email
bf6ba2bc32,email,email
1bb3c93b1f,email,email
a1616a66cb,email,email
31cd29668c,email,email
a04895496e,email,email
34c1e73dca,email,email
1e9454cde5,email,email
340c2ebb5c,email,email
a9ca45024b,email,email
037d7f1275,email,email
c8eb7fb760,undef,undef
ca44984a40,email,email
03d1ce1609,email,email
6db4e54314,email,email
fa33971e28,email,email
f05dbfd61c,email,email
7b2d81e7c7,email,email
444365c7df,email,email
bb1c44799c,email,email
13a68b1b03,email,email
113d51a7dc,email,email
889f963c26,email,email
227ea18f6c,email,email
7361e839ec,email,email
c9741d83ab,email,email
9c0b2167c5,email,email
5b5f5a4614,email,email
4a6ea2a73d,email,email
d83a22b4ed,email,email
9434c9f8e8,email,email
89f7859f06,email,email
3e81077b9c,email,email
a077849d6b,email,email
7e9b6a66a0,email,email
3ce12ca56f,email,email
c70871c203,email,email
31ba2fdbf4,email,email
67d4ffb627,email,email
78ac25d3d6,email,email
b7a367bb28,email,email
72f5006279,email,email
79d68ace18,email,email
e4c7230caf,email,email
ecfac7e540,email,email
aa601a07db,email,email
89ec38b95e,email,email
1d78b6838a,email,email
b00fdb00aa,email,email
bd5d82b1fe,email,email
97610f0775,email,email
d1945a5300,email,email
64833749ef,email,email
3788a5e7da,email,email
1b4dfaba41,email,email
7ea5c7c32f,email,email
cb47cd963b,email,email
0c3d4016b4,email,email
99ab10457f,email,email
26997ddbe5,email,email
4e5ad616b3,email,email
2fbf5a24e4,email,email
7303de6778,email,email
c15bb97df8,email,email
0cffe2d092,email,email
9de9e0663c,email,email
e77f40dc86,email,email
9203cda06d,email,email
40e7667721,email,email
72abc0b0f9,email,email
78e4fc580a,email,email
7d275e1858,email,email
30b389a72c,email,email
1f913ea1e0,email,email
988f26efa8,email,email
2d81f03b8e,email,email
e321d12b67,email,email
87baade05b,email,email
fd2418246a,email,email
b312b903ba,email,email
c13df8e6b2,email,email
b56db0be9f,email,email
f0da711786,email,email
59f2e97550,email,email
cf01c6475c,email,email
ad355f8815,email,email
49eeda969f,email,email
8f5d76b5b4,email,email
103dd422ab,email,email
68060538b2,email,email
f5147bd107,email,email
86a71357bc,email,email
1a5b164053,email,email
7960d89513,email,email
1347abd5ae,email,email
a30365ce8d,email,email
77d64e6a27,email,email
bafef1dfdc,email,email
34c8146fe1,email,email
7f83394606,email,email
0f1ca6ef18,email,email
db08ed7260,email,email
b4587e53ba,email,email
4357e34fc2,email,email
fda05570a5,email,email
faf68194fa,email,email
954a1aa3e6,email,email
24de9e3b6c,email,email
9e0984d8b8,email,email
edfc019f9e,email,email
05d83cb3a9,email,email
b2d46c26c5,email,email
c9bf664c91,email,email
7fce77f885,email,email
3e0e327b86,email,email
23b3097b17,email,email
4481e40a1a,email,email
324dfad563,email,email
c0dbc79244,email,email
c412e713c9,email,email
906d3b7125,email,email
dd6806e87d,email,email
28a308b427,email,email
0a1a1a6f74,email,email
cd33283caf,email,email
db62388a0f,email,email
46791b1b36,email,email
635fcec02c,email,email
1a89a3fc02,email,email
f972f42568,email,email
f87194083b,email,email
56befd6e4d,email,email
4bc9e2decb,email,email
1d7e4832e1,email,email
cf1296dcbb,email,email
ad433c88eb,email,email
27799a4f3a,email,email
592be6e783,email,email
9ee179f8af,email,email
13612431b8,email,email
21410ff1c4,email,email
88a1307b49,email,email
49f4555a16,email,email
bc456ede62,email,email
4e0912ffae,email,email
3b7ac0146b,undef,undef
ee16660cc5,email,email
5a0cd4341c,email,email
96748e3ed7,email,email
e13b1b5946,email,email
cb34586b34,email,email
9271915a2e,email,email
833d3e648c,email,email
6a99094502,email,email
48eb054ef9,email,email
a887a3ef18,email,email
a08a136ca2,email,email
c635bf2a57,email,email
be7b872dbe,email,email
ec1e1fc2d3,email,email
f4e149d72b,email,email
026c360779,email,email
5f88f683de,email,email
4bb825d053,email,email
a710d721ae,email,email
600733c605,email,email
769e1b057b,email,email
ec372eff4a,email,email
3dbe72b4ff,email,email
d408843091,email,email
f379395b29,email,email
c90ab0a907,email,email
f2a58f7cd5,email,email
0ce7816f1c,email,email
4d4a15e043,email,email
6c30ededd9,email,email
ad2a4a5f03,email,email
a137406254,email,email
8f069f4b49,email,email
5f066c27bf,email,email
ff53d2a64a,email,email
2b6cc4fa17,email,email
b75737e83a,email,email
412d6baea4,email,email
efa7d9a74f,email,email
5e76c21113,email,email
49112fca7b,email,email
df23e4607e,email,email
ec2a2aa60c,email,email
17dfe7c9cf,email,email
cabf88ff64,email,email
90a2656427,email,email
9647802e07,email,email
3c0ec0854c,email,email
977e259b84,email,email
c95b5b13b9,email,email
8205bb2f8e,email,email
fcbf0b658d,email,email
fb28132724,email,email
b045fdcc82,email,email
0a4446781c,email,email
81245a6cdd,email,email
7b946fabed,email,email
e38b659675,email,email
93f11ab5b9,email,email
cb87330b75,email,email
afa5c2d3db,email,email
b44e7715fb,email,email
4d8650aad1,email,email
44a2a9c77f,undef,undef
3e53b58187,email,email
1694d893f1,email,email
17dd776f52,email,email
41621aac5f,email,email
42b52d3dde,email,email
aca52c6e7a,email,email
c5d82dd43b,email,email
7b01f417ae,email,email
b3b38f3b1d,email,email
c5819f70ef,email,email
171782b513,email,email
d88f626c13,email,email
9cd45fb40d,email,email
9582f69845,email,email
1df6dd82a0,email,email
e55fd48d3e,email,email
808d64b44c,email,email
9ea64c5c8c,email,email
6581010c99,email,email
defb77c2fb,email,email
0c0bd1a6d0,email,email
f245a597a5,email,email
51d3e10391,email,email
45e30b983c,email,email
7b76319a6d,email,email
a1e681607a,email,email
168f54d737,email,email
0d0f608237,email,email
81760c1a33,email,email
690d57d7b4,email,email
500c66d8e8,email,email
2ff6e69067,email,email
4e672f17f5,email,email
89a190c84f,email,email
6e56899849,email,email
e47f2bdf92,email,email
8fd0beaa44,email,email
f85419d0a6,email,email
4ca1564ba7,email,email
eaca2b3819,email,email
725b0d71c9,email,email
e0afd743c1,email,email
a117a3d345,email,email
8d6540f4f4,email,email
83f1f0cad1,email,email
b535c3c896,email,email
5da272426b,email,email
8d22c97d60,email,email
3198b86ae1,email,email
87ae120c60,email,email
dec939f6df,email,email
cc4e9d4885,email,email
bca2294e6f,email,email
09236279e5,email,email
c14c86e7f7,email,email
e07f98baaf,email,email
3628d2a625,email,email
72bf8136f7,email,email
5631e9d7c5,email,email
eeeed9d545,email,email
4a47191b45,email,email
fdb9b6eef8,email,email
1c3bd22f4a,email,email
40571f8c24,email,email
f9cbc228b6,email,email
450c55aea4,email,email
5911cdb7cf,email,email
7926e6bb6c,email,email
9e5e440768,email,email
122b9751eb,email,email
0caf49bbb2,email,email
2ab25f40a2,email,email
3f42c6ac78,email,email
2a7af9100f,email,email
b47c718595,email,email
5b617363b2,email,email
79c6d2beb2,email,email
bdeb11d104,email,email
5401d81c2d,email,email
8c6828a0cf,email,email
755b83de77,email,email
bcd09d030a,email,email
2008fefeaf,email,email
36fc0c6399,email,email
027aad3074,email,email
70f74efabf,email,email
f481d2a144,email,email
b587bb5fb9,email,email
c6e3d1933a,email,email
5a557dd8a9,email,email
cb7cde7750,email,email
dddfb02bbf,email,email
9a06160e98,email,email
f2a5d46aca,email,email
2c63cb7a54,email,email
df59091d4a,email,email
6a234201cd,email,email
f73dc4f49b,email,email
5d2adba352,email,email
6fe6d478ed,undef,undef
c3012d803b,email,email
6bc9b7c4f8,email,email
29f98807ec,email,email
b7b99fd8ec,email,email
a025abb933,email,email
0fd22e7266,email,email
53b601fa3b,email,email
924000ef4d,email,email
5a6ce58f9d,undef,undef
cddbfccad0,email,email
0cf2340d86,email,email
bc6b09389a,email,email
cf11019def,email,email
c65275d401,email,email
65eef9d0d1,email,email
922066c498,email,email
ba79ccaf1e,email,email
74820f954e,email,email
72cfa02f47,email,email
c994ffdbe1,email,email
0faf053d66,email,email
0197496c56,email,email
1a12ed8cae,email,email
fb0fceebae,email,email
784505a8d2,email,email
f59fcbb410,email,email
536e09fc71,email,email
aa610a6e35,email,email
2d2e1f0c02,email,email
b4bb619eaf,email,email
1d99b73a78,email,email
5761291eaf,email,email
670408ac5e,email,email
a4d7932a5c,email,email
dea34dde91,email,email
bde42e390f,email,email
9b4291b15f,email,email
5b9d5fc858,email,email
f4c46d0d1d,email,email
5fa3205534,email,email
5f95949e64,email,email
ef978a80a5,email,email
c7b1f4b13b,email,email
7df6494549,email,email
087f1bd5f5,email,email
5140444abc,email,email
e2ac8b00b5,email,email
63000142ca,email,email
cc9c912851,email,email
9e57b44f8f,email,email
6aabe2bacf,email,email
b416d2eeb2,email,email
22d5739c3f,email,email
1d3c3b7e83,email,email
d53730a68f,email,email
a80dcd5bd5,email,email
0bd238264a,email,email
14e2c96e63,email,email
0791a99a0c,email,email
b38202a4c3,email,email
b9fb6dd3cd,email,email
efa27cc01f,email,email
1a01107852,email,email
189dff2166,email,email
cc97436472,email,email
3576a47ce9,email,email
797601f24c,email,email
c303d93315,email,email
ac3365a661,email,email
cb52ce37b4,email,email
a4c68e4742,email,email
f474a72bb1,email,email
f2773bc6fa,email,email
7cdacd6cd7,email,email
a5116b7b2f,email,email
475b9a1c26,email,email
96fee91724,email,email
861f65c011,email,email
f870910f97,email,email
4d6ddbbd76,email,email
155cb2083a,undef,undef
da37770473,email,email
fd8e631c1a,email,email
3e62cdc947,email,email
67140f0817,email,email
1f9a8af7ab,email,email
366707ffb7,email,email
e64b418127,email,email
6234cc8450,email,email
88e25aab46,email,email
203709ed97,email,email
f7f3e0d601,email,email
7324a4b402,email,email
162576007b,email,email
2aca4588db,email,email
3006ab1000,email,email
70077bd4f9,email,email
29331c5b60,email,email
10728b98ea,email,email
3c7ef6b72e,email,email
e67a684dae,email,email
5234d17655,email,email
732ef9b42f,email,email
9d33dae49b,email,email
1145d1242a,email,email
d4c5b170c0,email,email
3875c9f89a,email,email
7f5702a0b4,email,email
27f143192e,email,email
630d816e93,email,email
b49e0e01c4,email,email
cea30e6688,email,email
d4fb8b9cac,email,email
2f6d853bc3,email,email
fc63cdea82,email,email
af7f8728ab,email,email
ce285d0a92,email,email
d8cfc18574,email,email
6d9c4cb139,email,email
69d9ab9026,email,email
bedc6715a5,email,email
cf3567c54f,email,email
da6895307e,undef,undef
89c56f7c67,email,email
2c3f0b23bd,email,email
5ecb6639b4,email,email
eb96682401,email,email
988ed4d4d7,email,email
eb0a9164c9,email,email
a0a960061a,email,email
5098dde330,email,email
77c8021ea7,email,email
250295d041,email,email
15956e6f47,email,email
698c3980cd,email,email
767c4e9dab,email,email
0f65416f27,email,email
927f319d75,email,email
1cc5bc180d,email,email
3d6e0a96f9,email,email
86fc5399f1,email,email
89230141ce,email,email
a07fe8028c,email,email
d01a2de198,email,email
d25c8c3cda,email,email
09694f8419,email,email
4160f179ee,email,email
24ba7dfd73,email,email
6ae4fec17d,email,email
3d0f7c53c2,email,email
7af62367e9,email,email
161da79a0c,email,email
7ac6eae9f9,email,email
dec2219e99,email,email
c0e4d95d75,email,email
1ab06f4252,email,email
262fb68763,email,email
ec29c553ec,email,email
0a563b1efb,email,email
f0c3d5f52d,email,email
773c7c2943,email,email
008099e0fe,email,email
93ae7083b5,email,email
751f211095,email,email
e9be41ae08,email,email
5a3050bfa7,email,email
f71875fee0,email,email
2cafaf0ed6,email,email
dd3bd66863,email,email
e49c415a23,email,email
05b1fba3b9,email,email
84e37249cb,email,email
4f143b37e4,email,email
872524d0ca,email,email
f0adaa98f3,email,email
231666c025,email,email
3cad21978e,email,email
5b755e71c1,email,email
f802814156,undef,undef
e65f1605a8,email,email
b59fed9d17,email,email
05c5f31231,email,email
5cf803219f,email,email
795d894208,email,email
271ffe414f,email,email
1d1fbbf462,email,email
2d8911252b,email,email
34ba8cad70,email,email
bc5dd4e547,email,email
20034d3d2d,undef,undef
458781f876,email,email
2b0138215c,email,email
805009c6ea,email,email
3f26445086,email,email
40f60cb5ea,email,email
b81753ad4a,email,email
8fcc7aec65,undef,undef
d105e513e2,email,email
de864a90eb,email,email
44872c9a92,email,email
8dcf5e660b,email,email
8f7f9e2296,email,email
e3391fc901,email,email
6ac00b61b5,email,email
8448e7d1c0,email,email
027433673b,email,email
0593594174,email,email
b9045953ae,email,email
7d0d9094a5,email,email
f031401d23,email,email
f07615b81e,email,email
08b12c5744,email,email
3b38f2cad8,email,email
07a50c43ca,email,email
a69ccfeef5,email,email
cc6e2466f0,email,email
292f4bd651,email,email
3b46f5c159,email,email
001b726565,email,email
e7745a77e9,email,email
d97c86c220,email,email
58bdb32895,email,email
6ab4979dd1,email,email
d9229546d4,email,email
840df28fe6,email,email
a07fa52911,email,email
ed2ae728a6,email,email
cf95f4fc27,email,email
6cc7b0684b,email,email
c477294494,email,email
c3e21d7714,email,email
7dbf3b4fd8,email,email
be827713bb,email,email
f92425a61a,email,email
c53f15846c,email,email
6d7adf92a3,email,email
a4777ce4a9,email,email
adea31cb26,email,email
c1ce77ff78,email,email
f2f1c52073,email,email
27343679a1,email,email
a4dee872ea,email,email
a9e147ab79,email,email
e2ff43b8f2,email,email
9ef890c51c,email,email
1dc4c8b5a2,email,email
b6d8ce9b07,email,email
4f5cc00f00,email,email
7f6f488ef5,email,email
cccffef8b2,email,email
891528ee2a,email,email
074e64b77a,email,email
1270a4a3a3,email,email
1fbfc5aa48,email,email
4fc6537950,email,email
f375c5a8c8,email,email
c82f1ea0c3,email,email
fdcdc1d155,email,email
0abcec20a4,email,email
4f3e14a06a,email,email
dbe21ea2c3,email,email
e57414cb32,email,email
bc937ffc8a,email,email
7b0fe2386a,email,email
1e8fae6a4c,email,email
bbe854b63f,email,email
901e20231e,email,email
48b289310b,email,email
d9e69dfa3b,email,email
12330f2de1,email,email
665838d0ee,email,email
32f0a34fa7,email,email
f061ed9656,email,email
e5463d4e68,email,email
74d0b287d7,email,email
8d057c72db,email,email
a5b1976878,email,email
bf722a5d41,email,email
24a05efa01,email,email
888ce5d7dd,email,email
4d983fd6ed,email,email
d2b0c76bd4,email,email
ecba13d372,email,email
794c3c2327,email,email
c41d36a8c2,email,email
0c627afdc6,email,email
71efb624dd,email,email
b6b7d7346b,email,email
f798d4eaa5,email,email
b527509921,email,email
5def4ed583,undef,undef
6850f00df5,email,email
c67f3b9283,email,email
c6ec6f7b9a,email,email
3529b389e6,email,email
effadfcb48,email,email
3b81df9b05,email,email
f0dc06ca47,email,email
88e5c8648c,email,email
c2b43ff799,email,email
52b363a4d5,email,email
7508618135,email,email
7c8ff2ea73,email,email
40c75e8076,email,email
905afe9239,email,email
b5a63c8b93,email,email
e8652d3412,email,email
9233e11b59,email,email
e40c75bd8e,email,email
1c584a1458,email,email
36ba2d5b76,email,email
59ee6177a8,email,email
cfaf3efec5,email,email
3c68aa94b8,email,email
4f9db49b65,email,email
b6ec41073c,undef,undef
b489302dd1,email,email
1b1c3d015f,undef,undef
2bcdd26750,email,email
bda506bcc8,email,email
185351b13a,email,email
df24accadc,email,email
3441eacb9e,email,email
6b75b8dc15,email,email
5041704789,email,email
b6ce2af2df,email,email
2a6c2c9c16,email,email
0a4d91a8f6,email,email
e32e398f4e,email,email
d7d5ae17a6,email,email
f434ab2ade,email,email
b5bdcaaf42,email,email
62374a6d5a,email,email
9fe1c30450,email,email
6b7fd57474,email,email
f740f0a69b,email,email
3cf7aa333a,email,email
9b7e437716,email,email
3a6dd82ad9,email,email
a850e0c91a,email,email
b0a5c845fb,email,email
a75581bc5a,email,email
b0ce579232,email,email
79e7398191,email,email
78be66b374,email,email
bed57b75d8,email,email
6a2934bb75,email,email
900aee3477,email,email
51311a786c,email,email
236c1d5325,email,email
c2496b1e3a,email,email
a4fb7ea5f4,email,email
d00a4ad550,email,email
3c0149944d,email,email
42a3a0e9a2,email,email
57ecc3315c,email,email
8af32a2e75,email,email
ae3ccb96c0,email,email
7c607a7194,email,email
b540aa968c,email,email
b6cee30d22,email,email
3448ae7574,email,email
a78f586a19,email,email
ddcafffc25,email,email
63c4f0d00c,email,email
048152e13f,email,email
8057239a37,email,email
1af2bdfae9,email,email
b5f689a455,email,email
ec9bde6fe3,email,email
d6878e9e39,email,email
0d7e551dc1,email,email
1e0512410e,email,email
800e97dc96,email,email
95955b916c,email,email
69e12b7fb5,email,email
c0f3b99ac4,email,email
aa05e30115,email,email
787843441d,email,email
e4a80d944b,email,email
3b250169c0,email,email
b6fda9dd48,email,email
83b0a74233,email,email
6a280e8d2a,email,email
753dea00ed,email,email
de01c24ca7,email,email
d17bf49038,email,email
ead3228071,email,email
548be9b909,email,email
2a3d170c7b,email,email
9ba08a0793,email,email
e0fa66f8ce,email,email
3ea05cddd1,email,email
ab572db9b7,email,email
9ab5495309,email,email
a2315e4ad5,email,email
78af53d33c,email,email
f2220883b2,email,email
3341709193,email,email
b10009498d,email,email
4a42da62c8,email,email
9f911a5330,email,email
aa1b98d1d1,email,email
f06f2e4a30,email,email
85439d4370,email,email
09f3684c8b,email,email
88605dafee,email,email
38842d74e7,email,email
9ce9fe93dc,email,email
2935709ab1,email,email
c59c8cd161,email,email
6aeca89632,email,email
a9a1d862fc,email,email
5bec46baa6,email,email
7866ae70ca,email,email
3776b93620,email,email
04edee4ffd,email,email
3adb98a113,email,email
c3decb1a58,email,email
d087c8a804,undef,undef
5cca90c50a,email,email
90ea3ca4d3,email,email
6e1006988e,email,email
423f6f0a70,email,email
3b79e37859,email,email
5d7751700f,email,email
528bc0eefe,email,email
d31bbd4138,email,email
acb36a2ac2,email,email
71fe1f10a1,email,email
59dee10852,email,email
d404533c25,email,email
2ec42cd695,email,email
a0815138ad,email,email
7cc3f0107d,email,email
cacc91e84e,email,email
667814f335,email,email
b3f852f00a,email,email
e713bc6857,email,email
26797d8336,email,email
76b0b61b7e,email,email
7516f504fc,email,email
1f596818cd,email,email
34d8a921a0,email,email
e7f0458bb9,email,email
7a07ff8f54,email,email
c3abe2f0e0,email,email
353cd66ae8,email,email
386a185633,email,email
96114b6e35,email,email
255ac07145,email,email
c61caf3931,email,email
5073a413cc,email,email
46761615b6,email,email
5c4ac3d15e,email,email
46e9316534,email,email
fa4be5358a,email,email
ac957c1c8f,email,email
53d74ea7cf,email,email
31962925f5,email,email
3f58f43190,email,email
bb3185e898,email,email
2214e59842,email,email
f35d7870d6,email,email
5b00fe273b,email,email
19c4255fcc,email,email
e613683b3d,email,email
0d95801d54,email,email
a9f8f30901,email,email
124e303358,email,email
9766f6b227,email,email
554cf3242f,email,email
323167c9bb,email,email
5890a2613d,email,email
e17236f2fd,email,email
30e62f50fc,email,email
df5c2d5221,email,email
49fe0055d8,email,email
081d7ff29a,email,email
b26dbc1b19,email,email
06faa837e1,email,email
2823fb096a,email,email
b06b24b767,email,email
a5fdafb53e,email,email
0efd14405d,email,email
5c85e1184c,email,email
f594559389,email,email
00313cf1fa,email,email
e977ed23c6,email,email
07ae9e8f6a,email,email
a4e898f2ea,email,email
d7b88e235d,email,email
f433b90dda,email,email
0d4ce9ffae,email,email
b2d76bae74,email,email
01318201ff,email,email
7e73043021,email,email
e5a7e4b45f,email,email
4a231d35ad,email,email
df86100e53,email,email
7646b7d1a4,email,email
211b50ad66,email,email
2674f17150,email,email
64958715a5,email,email
23a20374d3,email,email
2d909c8093,email,email
26064690d9,email,email
bc9f25558e,email,email
95bcd01ae4,email,email
ad9f77dfb0,email,email
1d9daefad0,email,email
65f036491f,email,email
1c494f24ed,email,email
fb29d259a7,email,email
0c7e7f8bd6,email,email
85b5bdce8b,email,email
957924e57f,email,email
58c07ec173,email,email
a21d6e8063,email,email
452c7e758c,email,email
8c0e37810a,email,email
1e76d21f85,email,email
7182340ffb,email,email
0045513428,email,email
656cc8f37d,email,email
461a6ce7a8,email,email
909a0d05bd,email,email
9a5a9c6875,email,email
175a8716f3,email,email
1a8c3fa91c,email,email
5b86e70e66,email,email
6a99909c92,email,email
4138c3af18,email,email
18d61b8981,email,email
846f220764,email,email
f680111687,email,email
c4e030b97e,email,email
9a06160e98,email,email
92c853a9d6,email,email
03b288ccdb,email,email
9ea5f872b0,email,email
91ecf8e668,email,email
17ae84120b,email,email
686876c56f,email,email
02d8cf68f4,email,email
a39df7f563,email,email
877622fcd0,email,email
3c41b72967,email,email
1942b17506,email,email
d031bd03da,email,email
da8863e802,email,email
334b5d3977,email,email
efc9d4d428,email,email
0aeae32926,email,email
b4a10d8ca7,email,email
cd7e1ca614,email,email
1264c8426c,email,email
b1cc5bdbb2,email,email
026bc7f24e,email,email
01b980e575,email,email
f5afc2af5d,email,email
7ece167542,email,email
4a5d6b91cb,email,email
e36df22fc9,email,email
8f12327875,email,email
1e32e1d315,email,email
8afd353853,email,email
e1a8711eb5,email,email
4038c12aa6,email,email
51936a7e46,email,email
ff15c501fc,email,email
ec5fc33ec1,email,email
771642d308,email,email
21e8a1969b,email,email
afe3c46659,email,email
a32091dbbd,email,email
9a51a01d88,email,email
15c3f44b06,email,email
b6e644da24,email,email
af591f1e37,email,email
864c12e128,email,email
408058d758,email,email
35ee52d94f,email,email
83fbeb92be,email,email
03d983d706,email,email
8cfef7666a,email,email
5eb99adafc,email,email
922736adcc,email,email
ea76f9a66e,email,email
41d5ce1d27,email,email
f316d01965,email,email
94c943a935,email,email
78900ed746,email,email
c96265fc43,email,email
b9383a8a85,email,email
5c3c666b51,email,email
2c44211056,email,email
a01d06b274,email,email
e5316e55ff,email,email
efd95cef93,email,email
8880ab5794,email,email
dcf42fd0b5,email,email
7c99aab2f0,email,email
5562437fb5,email,email
1a9f15c270,email,email
7c9cd41486,email,email
c88a3f89a3,email,email
94dc24c5bf,email,email
5303374975,email,email
de9ca6e106,undef,undef
188509b42a,email,email
a32cf5bd70,email,email
22c257d950,email,email
e79d207930,email,email
bf51139e2f,email,email
4006d8b1dd,email,email
7fd5e67193,email,email
19c3a4ce6a,email,email
87e40a594c,email,email
c3b7e32b80,email,email
0a1136dee2,email,email
f2925d80ef,email,email
454df4d0be,email,email
83ff3bdaa0,email,email
8681917bb2,email,email
c4e94cf390,email,email
8168a1f245,email,email
01422b42be,email,email
f77b0c4d74,email,email
e3f2a4bc76,email,email
97c413e7c8,email,email
da611b9964,email,email
889c19bf26,email,email
43deadda52,email,email
273a74d2cb,email,email
0a2e2d8473,email,email
7cf961e535,email,email
61eb869fe6,email,email
079bad7e21,email,email
eda1602141,email,email
ca7196dc01,email,email
12ae8848a3,email,email
98ee603adb,email,email
6143c826e4,email,email
27b83a554f,email,email
0895710dfe,email,email
e1a827ca06,email,email
9c82f65808,email,email
8801529ab6,email,email
73569d9b36,email,email
d7d5c30fc2,email,email
5fbc3d2300,email,email
e181ba2cd2,email,email
f722fa8508,email,email
20d1d5045e,email,email
f8f9da92cd,email,email
2fbdab1a0a,email,email
d3aeaff116,email,email
0520caa978,email,email
8ba910bfda,email,email
0ac8367d4f,email,email
eb396325a9,email,email
c7e43e29f7,email,email
fe75ae755a,email,email
6a8822a6bf,email,email
a29c13a1bd,email,email
bf7849f205,email,email
77f3e42df5,email,email
26cb762057,email,email
14dc8ea918,email,email
eb163caa7b,email,email
2bfc0055e0,email,email
ef113798ff,email,email
074181b546,email,email
b760a4c7d1,email,email
f21f17b6d5,email,email
e2f0c47512,email,email
0bf81236fa,email,email
d4b864c7be,email,email
33b59ad274,email,email
8aee5c0585,email,email
27003df9a3,email,email
1de7cc39d2,email,email
ea72c625fb,email,email
5e6d32641a,email,email
66696e3d23,email,email
c0d6b55aee,email,email
88ec67608d,undef,undef
9154fb7252,email,email
423ae76827,email,email
28a55c809b,email,email
a1b9919139,email,email
c35e97ba1e,email,email
5362b0ae3d,email,email
51157cee41,email,email
0ea1961fd5,email,email
a7def4dd2a,email,email
030283a858,email,email
d489658ea6,email,email
cade81ccec,email,email
29c6fb2ce5,email,email
5f0b81d915,email,email
01f7eccd26,email,email
e51b46673a,email,email
a1a8d8713d,email,email
e6e7440661,email,email
dd35fee772,email,email
50964851ef,email,email
5481e712f6,email,email
47fc33bd32,email,email
d2b1b43a09,email,email
e5848ce044,email,email
c7adc2abf6,email,email
07c9e4e4a3,email,email
d81a4746c1,email,email
fb5eab53ef,email,email
7fa9318a57,email,email
e1b4e1e4b7,email,email
5de01415e5,email,email
50a49db40e,email,email
75623e3650,email,email
33903f19f1,email,email
4ff09de348,email,email
e375d7a7dd,email,email
59817d9ebc,email,email
4c833bcb78,email,email
34ea06df0c,email,email
261d7af830,email,email
e902fee6d7,email,email
2359fe66fc,email,email
93b06a4fa3,email,email
229d14caa8,email,email
a1ff31d8d5,email,email
4d9e6b1d36,email,email
40c6efb432,email,email
b997c51a21,email,email
765249d259,email,email
622e485903,email,email
b495b2f322,email,email
6f2964e947,email,email
6aaeb3e472,email,email
0b7393887a,email,email
bd89e378b6,email,email
d49b564bb7,email,email
75f193a9d4,email,email
34bc14c3ce,email,email
0dc50dbf8d,email,email
16822e4e52,email,email
6aa6797bf1,email,email
86f8084609,email,email
c035f32360,email,email
4b602c8d50,email,email
a63bd24dd0,email,email
e1f5ddc4bd,email,email
5574283c3c,email,email
1e66eb6e9d,email,email
8f3571d580,email,email
712215731f,email,email
5c4f8ea438,email,email
ccf66419c0,email,email
caf95cd6bd,email,email
2f83d2206a,email,email
395c5d7a1b,email,email
08da43a46a,email,email
1f4eab4e92,email,email
eb9eb5efe3,email,email
4d15fb8a8f,email,email
06d44557a1,email,email
14a759ccb2,email,email
bc8dc058e3,email,email
99d9f80a56,email,email
b40ce0f970,email,email
18fa2cb156,email,email
2c7b969ee5,email,email
b5c3fcc833,email,email
50aafd2afe,email,email
8a763b2f0b,email,email
8717db4df1,email,email
66ee2e7690,email,email
7d5f1ae506,email,email
d692f7cd93,email,email
5b56fdb618,email,email
53f45759e9,email,email
8781d44b7c,email,email
b707e82109,email,email
ac5b6cf17c,email,email
27f9d7832e,email,email
bf910018b1,email,email
d74da19545,email,email
68cb75f31b,email,email
124956d2d1,undef,undef
b1160f2dde,email,email
aa69c0399f,email,email
744fc72870,email,email
5f3594e010,email,email
673832f41c,email,email
5bf40f2629,email,email
27ff22fd68,email,email
4b6b971972,email,email
12df0d0e04,email,email
6ad5449b39,email,email
5250b2ba5f,email,email
a47622323e,email,email
11ec31ee61,email,email
188ee84687,email,email
dbe55b15f7,email,email
37d489890c,email,email
4c7a052d9e,email,email
60cb84ffa1,email,email
0f9284231e,email,email
ee1c21692a,email,email
f09a3d1f19,email,email
999738a042,email,email
6e5f29219d,email,email
bad1a357b4,email,email
8f19408ad8,email,email
fe7332e949,email,email
a4132a9944,email,email
66f5e2e5ca,email,email
3c8198949e,email,email
6aedf9df23,email,email
f9dc55b334,email,email
03f846eff7,email,email
8433be2d76,email,email
3e852f603f,email,email
7ad5cc162f,email,email
e8d74dc623,email,email
692ca24b28,email,email
32ce0e7f13,email,email
c0134a627e,email,email
7baffff18e,email,email
4c9f79cd6f,email,email
7cfe6fffb1,email,email
2b64126a4b,email,email
81528436cd,email,email
02a2acd05a,email,email
12e74cbe65,email,email
7922cbafd2,email,email
075cba45be,email,email
b5c45fc7e4,email,email
21339fc81b,email,email
d4f399f47b,email,email
f37464e331,email,email
a092e227cb,email,email
6e72596d5f,email,email
9b754f78ac,email,email
a17205a84f,email,email
6562dfc15d,email,email
acea3e8e61,email,email
d4c60c8765,email,email
0d2c61c910,email,email
d6ad090b6d,undef,undef
fcd38a0978,email,email
5ca9829c97,email,email
f5d9ca94ac,email,email
e29e45761b,email,email
e3e86b2dd0,email,email
656795f92c,email,email
3f6c6dac8d,email,email
6bf40c063a,email,email
db86280a1d,email,email
b77466d414,email,email
3b4e3d5c1d,email,email
79ee07254f,email,email
de9618f4ea,email,email
afb209d868,email,email
6eb8692ff0,email,email
41001037e1,email,email
c0b599b080,email,email
6c58cbf7f0,email,email
a9601e277a,email,email
7f80a55196,undef,undef
73718103b1,email,email
1444eae174,email,email
6e38732ea9,email,email
4a26876f9d,email,email
3b8b7c64a0,email,email
b062d9df1e,email,email
53e02c54f5,email,email
9e0d654093,email,email
20401919f5,email,email
0c3a1c3699,email,email
a968a93ecd,email,email
59766d6a68,email,email
7242395f01,email,email
e80be5684b,email,email
ebf7cbb7e8,email,email
e7e926cb59,email,email
71af8c813a,email,email
e36f14395c,email,email
ef35a4f15c,email,email
e9489d00fd,email,email
1bfbd6ba74,email,email
f2fb00a994,email,email
d5d447de96,email,email
930043f558,email,email
36c3936f6e,email,email
4005d68af5,email,email
5e66fc8575,email,email
547f4b35af,email,email
0d1ba797a8,undef,undef
1a56afa823,email,email
da3d2f8fe1,email,email
6e7258ebd3,email,email
3de2d4f5f0,email,email
e309261f32,email,email
d19c1afb3c,email,email
9c12045528,email,email
a43cd3a356,email,email
1d5f046826,email,email
7273a9406e,email,email
5b269726e9,email,email
f7450465b1,email,email
5d8e809a3d,email,email
174f803f47,email,email
0cd1f5a781,email,email
c6c183f162,email,email
857bb4de0b,email,email
deb6196038,email,email
2793127906,email,email
484057b816,email,email
1df3abd31d,email,email
9053591c07,email,email
8cfd7d80a4,email,email
4b2bd8e6e7,email,email
2ccf2b3461,email,email
55007424a4,email,email
29be415db6,email,email
7cf3cf153a,email,email
32238445e1,email,email
4db38c4d46,email,email
857b54dbc3,email,email
b08e9df1ab,email,email
64e8929b53,email,email
d69d6fc591,email,email
65a551bed2,email,email
7ed6f32a22,email,email
c176a7e3e6,undef,undef
413ceed155,email,email
584a2f3640,email,email
9a000e5e15,email,email
7059390946,email,email
0e502ebe37,email,email
44c9f0603d,email,email
ad2c86c80a,email,email
e0525cbbb7,email,email
48b3dd673e,email,email
8a84283475,email,email
515dc6566b,email,email
33490c4632,email,email
7cb5310235,email,email
dc141bdd55,email,email
0843dc2709,email,email
3577ecb025,email,email
3dd1fe5604,email,email
8b41092ccd,email,email
55a5ae6bce,email,email
dc291812e3,email,email
a32d60a708,email,email
0b4b4521fb,email,email
25ae93e872,email,email
aa357c6d85,email,email
e3a331d28d,email,email
1eb3bdb5c4,email,email
0e75cc9900,email,email
811c7dcd32,email,email
b9da5ceb6e,email,email
54eb0cfd89,email,email
f306b66020,email,email
0a3a8fbf4d,email,email
cbc2ae99c7,email,email
d6baed208b,email,email
0f53349e19,email,email
7f4babf082,email,email
ac1f7f7b6c,email,email
28972c4c61,email,email
a9629459da,email,email
174988b75b,email,email
05f170a94c,email,email
664711b283,email,email
2432973ca4,email,email
9e12c2b940,email,email
fe123d5dd3,email,email
02f9ab0c7d,email,email
f9a78f46c0,email,email
178382a347,email,email
4c99e07fd1,email,email
7d188e1d7b,email,email
64c8790337,email,email
8baf3ee358,email,email
0c1e0a8fef,email,email
38c92f4207,email,email
eb0c298e77,email,email
639aa3c27a,email,email
9158924f5d,email,email
85eace4486,email,email
7ab6ee81b6,email,email
abb32b48ed,email,email
b71909b1b1,email,email
c34245fb16,email,email
ff8a4740dc,email,email
0ac839525a,email,email
184c9c4e29,email,email
4026cacf14,email,email
cd49999050,email,email
87fbf03745,email,email
e4cdc43e75,email,email
a8d5c61b26,email,email
e7845e69b7,email,email
0c2ecade09,email,email
137f467d30,email,email
1a3c714249,email,email
5f90775b94,email,email
f8deb4639c,email,email
b4b887ddb9,email,email
7f9393d9d2,email,email
bd5525768e,email,email
4058b8c9d4,email,email
198827a081,email,email
d06180bd41,email,email
451719eed3,email,email
c7b93b2e6a,email,email
ea51e2b451,email,email
8533322eb8,email,email
6413d33132,email,email
92cad6333a,email,email
fc81f4f756,undef,undef
406d2ff13b,email,email
37adb7fe3a,email,email
9d42ada3ec,email,email
4f3ab52729,email,email
4f5142b34b,email,email
8a25262986,email,email
ea3e7d540d,email,email
ac6ce2554c,email,email
2f1a22e012,email,email
4b2ebfb679,email,email
8b3d8e7a5a,email,email
89a4901cc5,email,email
1cfea64de3,email,email
b587728df0,email,email
8d96a05f15,email,email
94c943a935,email,email
2de3f60b39,email,email
858fb9d8c7,email,email
0a01b2d3a3,email,email
0357c8c96e,email,email
f7b5cf7478,email,email
1e96ceb773,email,email
8ae8afb6be,email,email
0b90746291,email,email
ee88c7a52a,email,email
e428d6cb1a,email,email
161937c890,email,email
bd0a1e6645,email,email
949ad53b44,email,email
b3b9045e67,email,email
90a9479d14,email,email
08bed55573,email,email
0824b7a0b9,email,email
f865746576,email,email
cd05f719e5,email,email
622b25f483,email,email
6c641877fb,email,email
313808a5cf,email,email
f349131e1c,email,email
93206dc115,email,email
63a75b3984,email,email
916fa05742,undef,undef
affc107bbc,email,email
ee0538edf2,email,email
9c2ab40385,email,email
e30d0d3af2,email,email
a891ba8ac1,email,email
d909da8231,email,email
77a02910a5,email,email
ec6ed6cf60,email,email
0d740dbe8f,email,email
db902cc4b9,email,email
a668737ce0,email,email
450d689a61,email,email
cfdcf3692f,email,email
f6c2c17ba3,email,email
ef04423f9e,email,email
3259b09a33,email,email
26433156c4,email,email
715ebb3c14,undef,undef
8d323716c1,email,email
7735ac7082,email,email
34a6f426b1,email,email
e0642bceb7,email,email
02b9f2b727,email,email
cb573a77b8,email,email
ef3e655b75,email,email
b70c884c54,email,email
87609181b7,email,email
d8e425e61b,email,email
8d62a06095,email,email
d414064837,email,email
3a94c8bc44,email,email
f0225c4763,email,email
21909d01e3,email,email
262fee3b2c,email,email
a496410a82,email,email
fd1ad431e5,email,email
2693540bc6,email,email
22df892449,email,email
25db2f931d,email,email
fa3b6fba7c,email,email
03d55ac2a9,email,email
9f050858ac,email,email
ece4a6b71c,email,email
b45f8699bc,email,email
4a1789753c,email,email
98c8fc19bf,undef,undef
37bd4c60da,email,email
072d0e8527,email,email
dbd79b9d92,email,email
195aef9e98,email,email
9466bdd80d,email,email
234b1ed1cf,email,email
c40b2290a0,email,email
f2c84306a4,email,email
1a08b90325,email,email
6062a0cf31,email,email
02154df88f,email,email
3c07053f01,email,email
6ed9c91c4a,email,email
f821c4c8b5,email,email
c8dbc4b6f2,email,email
0a8b4fd0df,email,email
b9bca3bd75,email,email
79a4fd5c60,email,email
4db9fb2faa,email,email
53d0924be3,email,email
1cb229129b,email,email
221a8e4c1d,email,email
7733398ce5,email,email
b951fb06e6,email,email
799b5d1a56,email,email
cf1f3dca4d,email,email
898aed0e29,email,email
8ab5c307d7,email,email
0f95e089f3,email,email
e53c5c1c29,email,email
5c607da34b,email,email
c9354943e3,email,email
4d9827f652,email,email
18596ded9b,email,email
c52c18f630,email,email
f7d65818f6,email,email
9baeb556e4,email,email
6ec3bc3866,email,email
e41be2fb4c,email,email
5acce8b2fa,email,email
6eefd90776,email,email
e86e8d77a1,email,email
08229572c4,email,email
e20e034169,email,email
b78cf0cfa0,email,email
928a5c53c5,email,email
2d86b190a2,email,email
8ab5728fee,email,email
